state_name,district_name,block_name,mandal_name,village_name,location_name,latitude,longitude,observation_year,observation_month,observation_period,groundwater_depth_m,gwra_year,gwra_category,annual_groundwater_recharge_bcm,annual_extractable_groundwater_resource_bcm,annual_groundwater_extraction_bcm,stage_of_groundwater_extraction_percent,rainfall_mm,rainfall_period,geography_match_type,confidence_score,data_quality_status,data_source_groundwater,data_source_gwra,data_source_rainfall,groundwater_source_type,gwra_source_type,rainfall_source_type,groundwater_extraction_method,gwra_extraction_method,rainfall_extraction_method,groundwater_source_page,gwra_source_page,rainfall_source_page,source_url
puducherry,karaikal,karaikal,karaikal,Karaikal,Karaikal Station,10.93222,79.83139,2025,8,August,2.68,2025.0,Safe,0.0442401,0.039816,0.0149324,37.5,132.51461791992188,monthly,normalized_exact,0.7,valid,August_WL_1994-2025.pdf,GWRA_2025.pdf,IMD Gridded Rainfall (0.25x0.25 deg),local_pdf,local_pdf,official_web_fallback,pdf_text,pdf_table,netcdf_spatial_lookup,260,NULL,NULL,https://cgwb.gov.in
puducherry,karaikal,karaikal,karaikal,Kilakasakudi,Kilakasakudi Station,10.93333,79.84167,2025,8,August,1.85,2025.0,Safe,0.0442401,0.039816,0.0149324,37.5,132.51461791992188,monthly,normalized_exact,0.7,valid,August_WL_1994-2025.pdf,GWRA_2025.pdf,IMD Gridded Rainfall (0.25x0.25 deg),local_pdf,local_pdf,official_web_fallback,pdf_text,pdf_table,netcdf_spatial_lookup,260,NULL,NULL,https://cgwb.gov.in
puducherry,karaikal,karaikal,karaikal,Kottucherry,Kottucherry Station,10.95833,79.81667,2025,8,August,1.4,2025.0,Safe,0.0442401,0.039816,0.0149324,37.5,132.51461791992188,monthly,normalized_exact,0.7,valid,August_WL_1994-2025.pdf,GWRA_2025.pdf,IMD Gridded Rainfall (0.25x0.25 deg),local_pdf,local_pdf,official_web_fallback,pdf_text,pdf_table,netcdf_spatial_lookup,260,NULL,NULL,https://cgwb.gov.in
puducherry,karaikal,karaikal,karaikal,Thirunallar,Thirunallar Station,10.92898,79.79662,2025,8,August,2.35,2025.0,Safe,0.0442401,0.039816,0.0149324,37.5,132.51461791992188,monthly,normalized_exact,0.7,valid,August_WL_1994-2025.pdf,GWRA_2025.pdf,IMD Gridded Rainfall (0.25x0.25 deg),local_pdf,local_pdf,official_web_fallback,pdf_text,pdf_table,netcdf_spatial_lookup,260,NULL,NULL,https://cgwb.gov.in
puducherry,pondicherry,ariankuppam,ariankuppam,Pondicherry,Pondicherry Station,11.91194,79.82333,2025,8,August,3.24,NULL,Safe,NULL,NULL,NULL,NULL,118.28388214111328,monthly,unmatched,0.0,valid,August_WL_1994-2025.pdf,NULL,IMD Gridded Rainfall (0.25x0.25 deg),local_pdf,official_web_fallback,official_web_fallback,pdf_text,NULL,netcdf_spatial_lookup,260,NULL,NULL,https://cgwb.gov.in
puducherry,pondicherry,ariankuppam,ariankuppam,Reddichavadi,Reddichavadi Station,11.88333,79.76667,2025,8,August,3.46,NULL,Safe,NULL,NULL,NULL,NULL,118.28388214111328,monthly,unmatched,0.0,valid,August_WL_1994-2025.pdf,NULL,IMD Gridded Rainfall (0.25x0.25 deg),local_pdf,official_web_fallback,official_web_fallback,pdf_text,NULL,netcdf_spatial_lookup,260,NULL,NULL,https://cgwb.gov.in
puducherry,pondicherry,villianur,villianur,M.N.Kuppam,M.N.Kuppam Station,11.9,79.81667,2025,8,August,6.04,NULL,Safe,NULL,NULL,NULL,NULL,118.28388214111328,monthly,unmatched,0.0,valid,August_WL_1994-2025.pdf,NULL,IMD Gridded Rainfall (0.25x0.25 deg),local_pdf,official_web_fallback,official_web_fallback,pdf_text,NULL,netcdf_spatial_lookup,260,NULL,NULL,https://cgwb.gov.in
puducherry,pondicherry,villianur,villianur,Villianur,Villianur Station,11.91667,79.75833,2025,8,August,4.07,NULL,Safe,NULL,NULL,NULL,NULL,118.28388214111328,monthly,unmatched,0.0,valid,August_WL_1994-2025.pdf,NULL,IMD Gridded Rainfall (0.25x0.25 deg),local_pdf,official_web_fallback,official_web_fallback,pdf_text,NULL,netcdf_spatial_lookup,260,NULL,NULL,https://cgwb.gov.in
puducherry,karaikal,karaikal,karaikal,Karaikal,Karaikal Station,10.93222,79.83139,2024,8,August,3.7,2025.0,Safe,0.0442401,0.039816,0.0149324,37.5,NULL,NULL,normalized_exact,0.7,valid,August_WL_1994-2025.pdf,GWRA_2025.pdf,NULL,local_pdf,local_pdf,official_web_fallback,pdf_text,pdf_table,NULL,613,NULL,NULL,https://cgwb.gov.in
puducherry,karaikal,karaikal,karaikal,Kilakasakudi,Kilakasakudi Station,10.93333,79.84167,2024,8,August,2.3,2025.0,Safe,0.0442401,0.039816,0.0149324,37.5,NULL,NULL,normalized_exact,0.7,valid,August_WL_1994-2025.pdf,GWRA_2025.pdf,NULL,local_pdf,local_pdf,official_web_fallback,pdf_text,pdf_table,NULL,613,NULL,NULL,https://cgwb.gov.in
puducherry,karaikal,karaikal,karaikal,Kottucherry,Kottucherry Station,10.95833,79.81667,2024,8,August,3.6,2025.0,Safe,0.0442401,0.039816,0.0149324,37.5,NULL,NULL,normalized_exact,0.7,valid,August_WL_1994-2025.pdf,GWRA_2025.pdf,NULL,local_pdf,local_pdf,official_web_fallback,pdf_text,pdf_table,NULL,613,NULL,NULL,https://cgwb.gov.in
puducherry,karaikal,karaikal,karaikal,Thirunallar,Thirunallar Station,10.92898,79.79662,2024,8,August,2.8,2025.0,Safe,0.0442401,0.039816,0.0149324,37.5,NULL,NULL,normalized_exact,0.7,valid,August_WL_1994-2025.pdf,GWRA_2025.pdf,NULL,local_pdf,local_pdf,official_web_fallback,pdf_text,pdf_table,NULL,613,NULL,NULL,https://cgwb.gov.in
puducherry,pondicherry,ariankuppam,ariankuppam,Pondicherry,Pondicherry Station,11.91194,79.82333,2024,8,August,3.3,NULL,Safe,NULL,NULL,NULL,NULL,NULL,NULL,unmatched,0.0,valid,August_WL_1994-2025.pdf,NULL,NULL,local_pdf,official_web_fallback,official_web_fallback,pdf_text,NULL,NULL,613,NULL,NULL,https://cgwb.gov.in
puducherry,pondicherry,ariankuppam,ariankuppam,Reddichavadi,Reddichavadi Station,11.88333,79.76667,2024,8,August,3.5,NULL,Safe,NULL,NULL,NULL,NULL,NULL,NULL,unmatched,0.0,valid,August_WL_1994-2025.pdf,NULL,NULL,local_pdf,official_web_fallback,official_web_fallback,pdf_text,NULL,NULL,613,NULL,NULL,https://cgwb.gov.in
puducherry,pondicherry,villianur,villianur,M.N.Kuppam,M.N.Kuppam Station,11.9,79.81667,2024,8,August,6.6,NULL,Safe,NULL,NULL,NULL,NULL,NULL,NULL,unmatched,0.0,valid,August_WL_1994-2025.pdf,NULL,NULL,local_pdf,official_web_fallback,official_web_fallback,pdf_text,NULL,NULL,613,NULL,NULL,https://cgwb.gov.in
puducherry,pondicherry,villianur,villianur,Villianur,Villianur Station,11.91667,79.75833,2024,8,August,5.5,NULL,Safe,NULL,NULL,NULL,NULL,NULL,NULL,unmatched,0.0,valid,August_WL_1994-2025.pdf,NULL,NULL,local_pdf,official_web_fallback,official_web_fallback,pdf_text,NULL,NULL,613,NULL,NULL,https://cgwb.gov.in
puducherry,karaikal,karaikal,karaikal,Karaikal,Karaikal Station,10.93222,79.83139,2023,8,August,3.4,2025.0,Safe,0.0442401,0.039816,0.0149324,37.5,NULL,NULL,normalized_exact,0.7,valid,August_WL_1994-2025.pdf,GWRA_2025.pdf,NULL,local_pdf,local_pdf,official_web_fallback,pdf_text,pdf_table,NULL,1000,NULL,NULL,https://cgwb.gov.in
puducherry,karaikal,karaikal,karaikal,Kilakasakudi,Kilakasakudi Station,10.93333,79.84167,2023,8,August,2.5,2025.0,Safe,0.0442401,0.039816,0.0149324,37.5,NULL,NULL,normalized_exact,0.7,valid,August_WL_1994-2025.pdf,GWRA_2025.pdf,NULL,local_pdf,local_pdf,official_web_fallback,pdf_text,pdf_table,NULL,1000,NULL,NULL,https://cgwb.gov.in
puducherry,karaikal,karaikal,karaikal,Kottucherry,Kottucherry Station,10.95833,79.81667,2023,8,August,3.4,2025.0,Safe,0.0442401,0.039816,0.0149324,37.5,NULL,NULL,normalized_exact,0.7,valid,August_WL_1994-2025.pdf,GWRA_2025.pdf,NULL,local_pdf,local_pdf,official_web_fallback,pdf_text,pdf_table,NULL,1000,NULL,NULL,https://cgwb.gov.in
puducherry,karaikal,karaikal,karaikal,Tirunallar,Tirunallar Station,10.92898,79.79662,2023,8,August,3.0,2025.0,Safe,0.0442401,0.039816,0.0149324,37.5,NULL,NULL,normalized_exact,0.7,valid,August_WL_1994-2025.pdf,GWRA_2025.pdf,NULL,local_pdf,local_pdf,official_web_fallback,pdf_text,pdf_table,NULL,1000,NULL,NULL,https://cgwb.gov.in
puducherry,pondicherry,ariankuppam,ariankuppam,Kattukuppam,Kattukuppam Station,11.8,79.78333,2023,8,August,2.3,NULL,Safe,NULL,NULL,NULL,NULL,NULL,NULL,unmatched,0.0,valid,August_WL_1994-2025.pdf,NULL,NULL,local_pdf,official_web_fallback,official_web_fallback,pdf_text,NULL,NULL,1000,NULL,NULL,https://cgwb.gov.in
puducherry,pondicherry,ariankuppam,ariankuppam,Pondicherry,Pondicherry Station,11.91194,79.82333,2023,8,August,3.3,NULL,Safe,NULL,NULL,NULL,NULL,NULL,NULL,unmatched,0.0,valid,August_WL_1994-2025.pdf,NULL,NULL,local_pdf,official_web_fallback,official_web_fallback,pdf_text,NULL,NULL,1000,NULL,NULL,https://cgwb.gov.in
puducherry,pondicherry,ariankuppam,ariankuppam,Reddichavadi,Reddichavadi Station,11.88333,79.76667,2023,8,August,2.9,NULL,Safe,NULL,NULL,NULL,NULL,NULL,NULL,unmatched,0.0,valid,August_WL_1994-2025.pdf,NULL,NULL,local_pdf,official_web_fallback,official_web_fallback,pdf_text,NULL,NULL,1000,NULL,NULL,https://cgwb.gov.in
puducherry,pondicherry,villianur,villianur,M.N.Kuppam,M.N.Kuppam Station,11.9,79.81667,2023,8,August,7.0,NULL,Safe,NULL,NULL,NULL,NULL,NULL,NULL,unmatched,0.0,valid,August_WL_1994-2025.pdf,NULL,NULL,local_pdf,official_web_fallback,official_web_fallback,pdf_text,NULL,NULL,1000,NULL,NULL,https://cgwb.gov.in
puducherry,karaikal,karaikal,karaikal,Karaikal,Karaikal Station,10.93222,79.83139,2022,8,August,4.0,2025.0,Safe,0.0442401,0.039816,0.0149324,37.5,NULL,NULL,normalized_exact,0.7,valid,August_WL_1994-2025.pdf,GWRA_2025.pdf,NULL,local_pdf,local_pdf,official_web_fallback,pdf_text,pdf_table,NULL,1382,NULL,NULL,https://cgwb.gov.in
puducherry,karaikal,karaikal,karaikal,Kilakasakudi,Kilakasakudi Station,10.93333,79.84167,2022,8,August,3.0,2025.0,Safe,0.0442401,0.039816,0.0149324,37.5,NULL,NULL,normalized_exact,0.7,valid,August_WL_1994-2025.pdf,GWRA_2025.pdf,NULL,local_pdf,local_pdf,official_web_fallback,pdf_text,pdf_table,NULL,1382,NULL,NULL,https://cgwb.gov.in
puducherry,karaikal,karaikal,karaikal,Kottucherry,Kottucherry Station,10.95833,79.81667,2022,8,August,3.7,2025.0,Safe,0.0442401,0.039816,0.0149324,37.5,NULL,NULL,normalized_exact,0.7,valid,August_WL_1994-2025.pdf,GWRA_2025.pdf,NULL,local_pdf,local_pdf,official_web_fallback,pdf_text,pdf_table,NULL,1382,NULL,NULL,https://cgwb.gov.in
puducherry,karaikal,karaikal,karaikal,Thirunallar,Thirunallar Station,10.92898,79.79662,2022,8,August,2.4,2025.0,Safe,0.0442401,0.039816,0.0149324,37.5,NULL,NULL,normalized_exact,0.7,valid,August_WL_1994-2025.pdf,GWRA_2025.pdf,NULL,local_pdf,local_pdf,official_web_fallback,pdf_text,pdf_table,NULL,1382,NULL,NULL,https://cgwb.gov.in
puducherry,pondicherry,ariankuppam,ariankuppam,Kattukuppam,Kattukuppam Station,11.8,79.78333,2022,8,August,2.3,NULL,Safe,NULL,NULL,NULL,NULL,NULL,NULL,unmatched,0.0,valid,August_WL_1994-2025.pdf,NULL,NULL,local_pdf,official_web_fallback,official_web_fallback,pdf_text,NULL,NULL,1382,NULL,NULL,https://cgwb.gov.in
puducherry,pondicherry,ariankuppam,ariankuppam,Pondicherry,Pondicherry Station,11.91194,79.82333,2022,8,August,4.8,NULL,Safe,NULL,NULL,NULL,NULL,NULL,NULL,unmatched,0.0,valid,August_WL_1994-2025.pdf,NULL,NULL,local_pdf,official_web_fallback,official_web_fallback,pdf_text,NULL,NULL,1382,NULL,NULL,https://cgwb.gov.in
puducherry,pondicherry,ariankuppam,ariankuppam,Reddichavadi,Reddichavadi Station,11.88333,79.76667,2022,8,August,3.6,NULL,Safe,NULL,NULL,NULL,NULL,NULL,NULL,unmatched,0.0,valid,August_WL_1994-2025.pdf,NULL,NULL,local_pdf,official_web_fallback,official_web_fallback,pdf_text,NULL,NULL,1382,NULL,NULL,https://cgwb.gov.in
puducherry,pondicherry,villianur,villianur,M.N.Kuppam,M.N.Kuppam Station,11.9,79.81667,2022,8,August,6.6,NULL,Safe,NULL,NULL,NULL,NULL,NULL,NULL,unmatched,0.0,valid,August_WL_1994-2025.pdf,NULL,NULL,local_pdf,official_web_fallback,official_web_fallback,pdf_text,NULL,NULL,1382,NULL,NULL,https://cgwb.gov.in
puducherry,pondicherry,villianur,villianur,Villianur,Villianur Station,11.91667,79.75833,2022,8,August,5.3,NULL,Safe,NULL,NULL,NULL,NULL,NULL,NULL,unmatched,0.0,valid,August_WL_1994-2025.pdf,NULL,NULL,local_pdf,official_web_fallback,official_web_fallback,pdf_text,NULL,NULL,1382,NULL,NULL,https://cgwb.gov.in
puducherry,karaikal,karaikal,karaikal,Karaikal,Karaikal Station,10.93222,79.83139,2021,8,August,3.4,2025.0,Safe,0.0442401,0.039816,0.0149324,37.5,NULL,NULL,normalized_exact,0.7,valid,August_WL_1994-2025.pdf,GWRA_2025.pdf,NULL,local_pdf,local_pdf,official_web_fallback,pdf_text,pdf_table,NULL,1756,NULL,NULL,https://cgwb.gov.in
puducherry,karaikal,karaikal,karaikal,Kilakasakudi,Kilakasakudi Station,10.93333,79.84167,2021,8,August,3.2,2025.0,Safe,0.0442401,0.039816,0.0149324,37.5,NULL,NULL,normalized_exact,0.7,valid,August_WL_1994-2025.pdf,GWRA_2025.pdf,NULL,local_pdf,local_pdf,official_web_fallback,pdf_text,pdf_table,NULL,1756,NULL,NULL,https://cgwb.gov.in
puducherry,karaikal,karaikal,karaikal,Kottucherry,Kottucherry Station,10.95833,79.81667,2021,8,August,4.1,2025.0,Safe,0.0442401,0.039816,0.0149324,37.5,NULL,NULL,normalized_exact,0.7,valid,August_WL_1994-2025.pdf,GWRA_2025.pdf,NULL,local_pdf,local_pdf,official_web_fallback,pdf_text,pdf_table,NULL,1756,NULL,NULL,https://cgwb.gov.in
puducherry,karaikal,karaikal,karaikal,Thirunallar,Thirunallar Station,10.92898,79.79662,2021,8,August,2.2,2025.0,Safe,0.0442401,0.039816,0.0149324,37.5,NULL,NULL,normalized_exact,0.7,valid,August_WL_1994-2025.pdf,GWRA_2025.pdf,NULL,local_pdf,local_pdf,official_web_fallback,pdf_text,pdf_table,NULL,1756,NULL,NULL,https://cgwb.gov.in
puducherry,pondicherry,ariankuppam,ariankuppam,Kattukuppam,Kattukuppam Station,11.8,79.78333,2021,8,August,2.1,NULL,Safe,NULL,NULL,NULL,NULL,NULL,NULL,unmatched,0.0,valid,August_WL_1994-2025.pdf,NULL,NULL,local_pdf,official_web_fallback,official_web_fallback,pdf_text,NULL,NULL,1756,NULL,NULL,https://cgwb.gov.in
puducherry,pondicherry,ariankuppam,ariankuppam,Pondicherry,Pondicherry Station,11.91194,79.82333,2021,8,August,3.7,NULL,Safe,NULL,NULL,NULL,NULL,NULL,NULL,unmatched,0.0,valid,August_WL_1994-2025.pdf,NULL,NULL,local_pdf,official_web_fallback,official_web_fallback,pdf_text,NULL,NULL,1756,NULL,NULL,https://cgwb.gov.in
puducherry,pondicherry,ariankuppam,ariankuppam,Reddichavadi,Reddichavadi Station,11.88333,79.76667,2021,8,August,3.2,NULL,Safe,NULL,NULL,NULL,NULL,NULL,NULL,unmatched,0.0,valid,August_WL_1994-2025.pdf,NULL,NULL,local_pdf,official_web_fallback,official_web_fallback,pdf_text,NULL,NULL,1756,NULL,NULL,https://cgwb.gov.in
puducherry,pondicherry,villianur,villianur,M.N.Kuppam,M.N.Kuppam Station,11.9,79.81667,2021,8,August,5.6,NULL,Safe,NULL,NULL,NULL,NULL,NULL,NULL,unmatched,0.0,valid,August_WL_1994-2025.pdf,NULL,NULL,local_pdf,official_web_fallback,official_web_fallback,pdf_text,NULL,NULL,1756,NULL,NULL,https://cgwb.gov.in
puducherry,pondicherry,villianur,villianur,Villianur,Villianur Station,11.91667,79.75833,2021,8,August,5.4,NULL,Safe,NULL,NULL,NULL,NULL,NULL,NULL,unmatched,0.0,valid,August_WL_1994-2025.pdf,NULL,NULL,local_pdf,official_web_fallback,official_web_fallback,pdf_text,NULL,NULL,1756,NULL,NULL,https://cgwb.gov.in
puducherry,karaikal,karaikal,karaikal,Karaikal,Karaikal Station,10.93222,79.83139,2020,8,August,3.2,2025.0,Safe,0.0442401,0.039816,0.0149324,37.5,NULL,NULL,normalized_exact,0.7,valid,August_WL_1994-2025.pdf,GWRA_2025.pdf,NULL,local_pdf,local_pdf,official_web_fallback,pdf_text,pdf_table,NULL,1991,NULL,NULL,https://cgwb.gov.in
puducherry,karaikal,karaikal,karaikal,Kilakasakudi,Kilakasakudi Station,10.93333,79.84167,2020,8,August,2.4,2025.0,Safe,0.0442401,0.039816,0.0149324,37.5,NULL,NULL,normalized_exact,0.7,valid,August_WL_1994-2025.pdf,GWRA_2025.pdf,NULL,local_pdf,local_pdf,official_web_fallback,pdf_text,pdf_table,NULL,1991,NULL,NULL,https://cgwb.gov.in
puducherry,karaikal,karaikal,karaikal,Kottucherry,Kottucherry Station,10.95833,79.81667,2020,8,August,4.0,2025.0,Safe,0.0442401,0.039816,0.0149324,37.5,NULL,NULL,normalized_exact,0.7,valid,August_WL_1994-2025.pdf,GWRA_2025.pdf,NULL,local_pdf,local_pdf,official_web_fallback,pdf_text,pdf_table,NULL,1991,NULL,NULL,https://cgwb.gov.in
puducherry,karaikal,karaikal,karaikal,Thirunallar,Thirunallar Station,10.92898,79.79662,2020,8,August,3.1,2025.0,Safe,0.0442401,0.039816,0.0149324,37.5,NULL,NULL,normalized_exact,0.7,valid,August_WL_1994-2025.pdf,GWRA_2025.pdf,NULL,local_pdf,local_pdf,official_web_fallback,pdf_text,pdf_table,NULL,1991,NULL,NULL,https://cgwb.gov.in
puducherry,pondicherry,ariankuppam,ariankuppam,Kattukuppam,Kattukuppam Station,11.8,79.78333,2020,8,August,1.7,NULL,Safe,NULL,NULL,NULL,NULL,NULL,NULL,unmatched,0.0,valid,August_WL_1994-2025.pdf,NULL,NULL,local_pdf,official_web_fallback,official_web_fallback,pdf_text,NULL,NULL,1991,NULL,NULL,https://cgwb.gov.in
puducherry,pondicherry,ariankuppam,ariankuppam,Pondicherry,Pondicherry Station,11.91194,79.82333,2020,8,August,3.7,NULL,Safe,NULL,NULL,NULL,NULL,NULL,NULL,unmatched,0.0,valid,August_WL_1994-2025.pdf,NULL,NULL,local_pdf,official_web_fallback,official_web_fallback,pdf_text,NULL,NULL,1991,NULL,NULL,https://cgwb.gov.in
puducherry,pondicherry,ariankuppam,ariankuppam,Reddichavadi,Reddichavadi Station,11.88333,79.76667,2020,8,August,3.3,NULL,Safe,NULL,NULL,NULL,NULL,NULL,NULL,unmatched,0.0,valid,August_WL_1994-2025.pdf,NULL,NULL,local_pdf,official_web_fallback,official_web_fallback,pdf_text,NULL,NULL,1991,NULL,NULL,https://cgwb.gov.in
puducherry,pondicherry,villianur,villianur,M.N.Kuppam,M.N.Kuppam Station,11.9,79.81667,2020,8,August,7.2,NULL,Safe,NULL,NULL,NULL,NULL,NULL,NULL,unmatched,0.0,valid,August_WL_1994-2025.pdf,NULL,NULL,local_pdf,official_web_fallback,official_web_fallback,pdf_text,NULL,NULL,1991,NULL,NULL,https://cgwb.gov.in
puducherry,pondicherry,villianur,villianur,Villianur,Villianur Station,11.91667,79.75833,2020,8,August,7.9,NULL,Safe,NULL,NULL,NULL,NULL,NULL,NULL,unmatched,0.0,valid,August_WL_1994-2025.pdf,NULL,NULL,local_pdf,official_web_fallback,official_web_fallback,pdf_text,NULL,NULL,1991,NULL,NULL,https://cgwb.gov.in
puducherry,karaikal,karaikal,karaikal,Karaikal,Karaikal Station,10.93222,79.83139,2019,8,August,4.6,2025.0,Safe,0.0442401,0.039816,0.0149324,37.5,NULL,NULL,normalized_exact,0.7,valid,August_WL_1994-2025.pdf,GWRA_2025.pdf,NULL,local_pdf,local_pdf,official_web_fallback,pdf_text,pdf_table,NULL,2336,NULL,NULL,https://cgwb.gov.in
puducherry,karaikal,karaikal,karaikal,Kilakasakudi,Kilakasakudi Station,10.93333,79.84167,2019,8,August,3.5,2025.0,Safe,0.0442401,0.039816,0.0149324,37.5,NULL,NULL,normalized_exact,0.7,valid,August_WL_1994-2025.pdf,GWRA_2025.pdf,NULL,local_pdf,local_pdf,official_web_fallback,pdf_text,pdf_table,NULL,2336,NULL,NULL,https://cgwb.gov.in
puducherry,karaikal,karaikal,karaikal,Kottucherry,Kottucherry Station,10.95833,79.81667,2019,8,August,4.9,2025.0,Safe,0.0442401,0.039816,0.0149324,37.5,NULL,NULL,normalized_exact,0.7,valid,August_WL_1994-2025.pdf,GWRA_2025.pdf,NULL,local_pdf,local_pdf,official_web_fallback,pdf_text,pdf_table,NULL,2336,NULL,NULL,https://cgwb.gov.in
puducherry,karaikal,karaikal,karaikal,Thirunallar,Thirunallar Station,10.92898,79.79662,2019,8,August,3.6,2025.0,Safe,0.0442401,0.039816,0.0149324,37.5,NULL,NULL,normalized_exact,0.7,valid,August_WL_1994-2025.pdf,GWRA_2025.pdf,NULL,local_pdf,local_pdf,official_web_fallback,pdf_text,pdf_table,NULL,2336,NULL,NULL,https://cgwb.gov.in
puducherry,pondicherry,ariankuppam,ariankuppam,Kattukuppam,Kattukuppam Station,11.8,79.78333,2019,8,August,2.0,NULL,Safe,NULL,NULL,NULL,NULL,NULL,NULL,unmatched,0.0,valid,August_WL_1994-2025.pdf,NULL,NULL,local_pdf,official_web_fallback,official_web_fallback,pdf_text,NULL,NULL,2336,NULL,NULL,https://cgwb.gov.in
puducherry,pondicherry,ariankuppam,ariankuppam,Pondicherry,Pondicherry Station,11.91194,79.82333,2019,8,August,3.2,NULL,Safe,NULL,NULL,NULL,NULL,NULL,NULL,unmatched,0.0,valid,August_WL_1994-2025.pdf,NULL,NULL,local_pdf,official_web_fallback,official_web_fallback,pdf_text,NULL,NULL,2336,NULL,NULL,https://cgwb.gov.in
puducherry,pondicherry,ariankuppam,ariankuppam,Reddichavadi,Reddichavadi Station,11.88333,79.76667,2019,8,August,3.1,NULL,Safe,NULL,NULL,NULL,NULL,NULL,NULL,unmatched,0.0,valid,August_WL_1994-2025.pdf,NULL,NULL,local_pdf,official_web_fallback,official_web_fallback,pdf_text,NULL,NULL,2336,NULL,NULL,https://cgwb.gov.in
puducherry,pondicherry,villianur,villianur,M.N.Kuppam,M.N.Kuppam Station,11.9,79.81667,2019,8,August,7.1,NULL,Safe,NULL,NULL,NULL,NULL,NULL,NULL,unmatched,0.0,valid,August_WL_1994-2025.pdf,NULL,NULL,local_pdf,official_web_fallback,official_web_fallback,pdf_text,NULL,NULL,2337,NULL,NULL,https://cgwb.gov.in
puducherry,pondicherry,villianur,villianur,Villianur,Villianur Station,11.91667,79.75833,2019,8,August,7.2,NULL,Safe,NULL,NULL,NULL,NULL,NULL,NULL,unmatched,0.0,valid,August_WL_1994-2025.pdf,NULL,NULL,local_pdf,official_web_fallback,official_web_fallback,pdf_text,NULL,NULL,2337,NULL,NULL,https://cgwb.gov.in
puducherry,karaikal,karaikal,karaikal,Karaikal,Karaikal Station,10.93222,79.83139,2018,8,August,4.4,2025.0,Safe,0.0442401,0.039816,0.0149324,37.5,NULL,NULL,normalized_exact,0.7,valid,August_WL_1994-2025.pdf,GWRA_2025.pdf,NULL,local_pdf,local_pdf,official_web_fallback,pdf_text,pdf_table,NULL,2704,NULL,NULL,https://cgwb.gov.in
puducherry,karaikal,karaikal,karaikal,Kilakasakudi,Kilakasakudi Station,10.93333,79.84167,2018,8,August,3.3,2025.0,Safe,0.0442401,0.039816,0.0149324,37.5,NULL,NULL,normalized_exact,0.7,valid,August_WL_1994-2025.pdf,GWRA_2025.pdf,NULL,local_pdf,local_pdf,official_web_fallback,pdf_text,pdf_table,NULL,2704,NULL,NULL,https://cgwb.gov.in
puducherry,karaikal,karaikal,karaikal,Kottucherry,Kottucherry Station,10.95833,79.81667,2018,8,August,4.0,2025.0,Safe,0.0442401,0.039816,0.0149324,37.5,NULL,NULL,normalized_exact,0.7,valid,August_WL_1994-2025.pdf,GWRA_2025.pdf,NULL,local_pdf,local_pdf,official_web_fallback,pdf_text,pdf_table,NULL,2704,NULL,NULL,https://cgwb.gov.in
puducherry,karaikal,karaikal,karaikal,Thirunallar,Thirunallar Station,10.92898,79.79662,2018,8,August,3.5,2025.0,Safe,0.0442401,0.039816,0.0149324,37.5,NULL,NULL,normalized_exact,0.7,valid,August_WL_1994-2025.pdf,GWRA_2025.pdf,NULL,local_pdf,local_pdf,official_web_fallback,pdf_text,pdf_table,NULL,2704,NULL,NULL,https://cgwb.gov.in
puducherry,pondicherry,ariankuppam,ariankuppam,Pondicherry,Pondicherry Station,11.91194,79.82333,2018,8,August,4.5,NULL,Safe,NULL,NULL,NULL,NULL,NULL,NULL,unmatched,0.0,valid,August_WL_1994-2025.pdf,NULL,NULL,local_pdf,official_web_fallback,official_web_fallback,pdf_text,NULL,NULL,2704,NULL,NULL,https://cgwb.gov.in
puducherry,pondicherry,ariankuppam,ariankuppam,Reddichavadi,Reddichavadi Station,11.88333,79.76667,2018,8,August,3.2,NULL,Safe,NULL,NULL,NULL,NULL,NULL,NULL,unmatched,0.0,valid,August_WL_1994-2025.pdf,NULL,NULL,local_pdf,official_web_fallback,official_web_fallback,pdf_text,NULL,NULL,2704,NULL,NULL,https://cgwb.gov.in
puducherry,pondicherry,villianur,villianur,M.N.Kuppam,M.N.Kuppam Station,11.9,79.81667,2018,8,August,7.0,NULL,Safe,NULL,NULL,NULL,NULL,NULL,NULL,unmatched,0.0,valid,August_WL_1994-2025.pdf,NULL,NULL,local_pdf,official_web_fallback,official_web_fallback,pdf_text,NULL,NULL,2704,NULL,NULL,https://cgwb.gov.in
puducherry,pondicherry,villianur,villianur,Villianur,Villianur Station,11.91667,79.75833,2018,8,August,6.2,NULL,Safe,NULL,NULL,NULL,NULL,NULL,NULL,unmatched,0.0,valid,August_WL_1994-2025.pdf,NULL,NULL,local_pdf,official_web_fallback,official_web_fallback,pdf_text,NULL,NULL,2704,NULL,NULL,https://cgwb.gov.in
puducherry,karaikal,karaikal,karaikal,Karaikal,Karaikal Station,10.93222,79.83139,2017,8,August,4.1,2025.0,Safe,0.0442401,0.039816,0.0149324,37.5,NULL,NULL,normalized_exact,0.7,valid,August_WL_1994-2025.pdf,GWRA_2025.pdf,NULL,local_pdf,local_pdf,official_web_fallback,pdf_text,pdf_table,NULL,3069,NULL,NULL,https://cgwb.gov.in
puducherry,karaikal,karaikal,karaikal,Kilakasakudi,Kilakasakudi Station,10.93333,79.84167,2017,8,August,3.4,2025.0,Safe,0.0442401,0.039816,0.0149324,37.5,NULL,NULL,normalized_exact,0.7,valid,August_WL_1994-2025.pdf,GWRA_2025.pdf,NULL,local_pdf,local_pdf,official_web_fallback,pdf_text,pdf_table,NULL,3069,NULL,NULL,https://cgwb.gov.in
puducherry,karaikal,karaikal,karaikal,Kottucherry,Kottucherry Station,10.95833,79.81667,2017,8,August,5.2,2025.0,Safe,0.0442401,0.039816,0.0149324,37.5,NULL,NULL,normalized_exact,0.7,valid,August_WL_1994-2025.pdf,GWRA_2025.pdf,NULL,local_pdf,local_pdf,official_web_fallback,pdf_text,pdf_table,NULL,3069,NULL,NULL,https://cgwb.gov.in
puducherry,karaikal,karaikal,karaikal,Tirunallar,Tirunallar Station,10.92898,79.79662,2017,8,August,4.6,2025.0,Safe,0.0442401,0.039816,0.0149324,37.5,NULL,NULL,normalized_exact,0.7,valid,August_WL_1994-2025.pdf,GWRA_2025.pdf,NULL,local_pdf,local_pdf,official_web_fallback,pdf_text,pdf_table,NULL,3069,NULL,NULL,https://cgwb.gov.in
puducherry,pondicherry,ariankuppam,ariankuppam,Kattukuppam,Kattukuppam Station,11.8,79.78333,2017,8,August,2.6,NULL,Safe,NULL,NULL,NULL,NULL,NULL,NULL,unmatched,0.0,valid,August_WL_1994-2025.pdf,NULL,NULL,local_pdf,official_web_fallback,official_web_fallback,pdf_text,NULL,NULL,3069,NULL,NULL,https://cgwb.gov.in
puducherry,pondicherry,ariankuppam,ariankuppam,Pondicherry,Pondicherry Station,11.91194,79.82333,2017,8,August,3.4,NULL,Safe,NULL,NULL,NULL,NULL,NULL,NULL,unmatched,0.0,valid,August_WL_1994-2025.pdf,NULL,NULL,local_pdf,official_web_fallback,official_web_fallback,pdf_text,NULL,NULL,3069,NULL,NULL,https://cgwb.gov.in
puducherry,pondicherry,ariankuppam,ariankuppam,Reddichavadi,Reddichavadi Station,11.88333,79.76667,2017,8,August,3.2,NULL,Safe,NULL,NULL,NULL,NULL,NULL,NULL,unmatched,0.0,valid,August_WL_1994-2025.pdf,NULL,NULL,local_pdf,official_web_fallback,official_web_fallback,pdf_text,NULL,NULL,3069,NULL,NULL,https://cgwb.gov.in
puducherry,pondicherry,villianur,villianur,M.N.Kuppam,M.N.Kuppam Station,11.9,79.81667,2017,8,August,6.6,NULL,Safe,NULL,NULL,NULL,NULL,NULL,NULL,unmatched,0.0,valid,August_WL_1994-2025.pdf,NULL,NULL,local_pdf,official_web_fallback,official_web_fallback,pdf_text,NULL,NULL,3069,NULL,NULL,https://cgwb.gov.in
puducherry,karaikal,karaikal,karaikal,Kilakasakudi,Kilakasakudi Station,10.93333,79.84167,2016,8,August,2.6,2025.0,Safe,0.0442401,0.039816,0.0149324,37.5,NULL,NULL,normalized_exact,0.7,valid,August_WL_1994-2025.pdf,GWRA_2025.pdf,NULL,local_pdf,local_pdf,official_web_fallback,pdf_text,pdf_table,NULL,3433,NULL,NULL,https://cgwb.gov.in
puducherry,karaikal,karaikal,karaikal,Kottucherry,Kottucherry Station,10.95833,79.81667,2016,8,August,3.8,2025.0,Safe,0.0442401,0.039816,0.0149324,37.5,NULL,NULL,normalized_exact,0.7,valid,August_WL_1994-2025.pdf,GWRA_2025.pdf,NULL,local_pdf,local_pdf,official_web_fallback,pdf_text,pdf_table,NULL,3433,NULL,NULL,https://cgwb.gov.in
puducherry,pondicherry,ariankuppam,ariankuppam,Kattukuppam,Kattukuppam Station,11.8,79.78333,2016,8,August,1.4,NULL,Safe,NULL,NULL,NULL,NULL,NULL,NULL,unmatched,0.0,valid,August_WL_1994-2025.pdf,NULL,NULL,local_pdf,official_web_fallback,official_web_fallback,pdf_text,NULL,NULL,3433,NULL,NULL,https://cgwb.gov.in
puducherry,pondicherry,ariankuppam,ariankuppam,Pondicherry,Pondicherry Station,11.91194,79.82333,2016,8,August,3.4,NULL,Safe,NULL,NULL,NULL,NULL,NULL,NULL,unmatched,0.0,valid,August_WL_1994-2025.pdf,NULL,NULL,local_pdf,official_web_fallback,official_web_fallback,pdf_text,NULL,NULL,3433,NULL,NULL,https://cgwb.gov.in
puducherry,pondicherry,ariankuppam,ariankuppam,Reddichavadi,Reddichavadi Station,11.88333,79.76667,2016,8,August,2.4,NULL,Safe,NULL,NULL,NULL,NULL,NULL,NULL,unmatched,0.0,valid,August_WL_1994-2025.pdf,NULL,NULL,local_pdf,official_web_fallback,official_web_fallback,pdf_text,NULL,NULL,3433,NULL,NULL,https://cgwb.gov.in
puducherry,karaikal,karaikal,karaikal,Karaikal,Karaikal Station,10.93222,79.83139,2015,8,August,3.9,2025.0,Safe,0.0442401,0.039816,0.0149324,37.5,NULL,NULL,normalized_exact,0.7,valid,August_WL_1994-2025.pdf,GWRA_2025.pdf,NULL,local_pdf,local_pdf,official_web_fallback,pdf_text,pdf_table,NULL,3797,NULL,NULL,https://cgwb.gov.in
puducherry,karaikal,karaikal,karaikal,Kilakasakudi,Kilakasakudi Station,10.93333,79.84167,2015,8,August,2.7,2025.0,Safe,0.0442401,0.039816,0.0149324,37.5,NULL,NULL,normalized_exact,0.7,valid,August_WL_1994-2025.pdf,GWRA_2025.pdf,NULL,local_pdf,local_pdf,official_web_fallback,pdf_text,pdf_table,NULL,3797,NULL,NULL,https://cgwb.gov.in
puducherry,karaikal,karaikal,karaikal,Kottucherry,Kottucherry Station,10.95833,79.81667,2015,8,August,3.5,2025.0,Safe,0.0442401,0.039816,0.0149324,37.5,NULL,NULL,normalized_exact,0.7,valid,August_WL_1994-2025.pdf,GWRA_2025.pdf,NULL,local_pdf,local_pdf,official_web_fallback,pdf_text,pdf_table,NULL,3797,NULL,NULL,https://cgwb.gov.in
puducherry,pondicherry,ariankuppam,ariankuppam,Kattukuppam,Kattukuppam Station,11.8,79.78333,2015,8,August,1.1,NULL,Safe,NULL,NULL,NULL,NULL,NULL,NULL,unmatched,0.0,valid,August_WL_1994-2025.pdf,NULL,NULL,local_pdf,official_web_fallback,official_web_fallback,pdf_text,NULL,NULL,3797,NULL,NULL,https://cgwb.gov.in
puducherry,pondicherry,villianur,villianur,M.N.Kuppam,M.N.Kuppam Station,11.9,79.81667,2015,8,August,5.3,NULL,Safe,NULL,NULL,NULL,NULL,NULL,NULL,unmatched,0.0,valid,August_WL_1994-2025.pdf,NULL,NULL,local_pdf,official_web_fallback,official_web_fallback,pdf_text,NULL,NULL,3797,NULL,NULL,https://cgwb.gov.in
puducherry,karaikal,karaikal,karaikal,Karaikal,Karaikal Station,10.93222,79.83139,2014,8,August,3.8,2025.0,Safe,0.0442401,0.039816,0.0149324,37.5,NULL,NULL,normalized_exact,0.7,valid,August_WL_1994-2025.pdf,GWRA_2025.pdf,NULL,local_pdf,local_pdf,official_web_fallback,pdf_text,pdf_table,NULL,4127,NULL,NULL,https://cgwb.gov.in
puducherry,karaikal,karaikal,karaikal,Kilakasakudi,Kilakasakudi Station,10.93333,79.84167,2014,8,August,2.9,2025.0,Safe,0.0442401,0.039816,0.0149324,37.5,NULL,NULL,normalized_exact,0.7,valid,August_WL_1994-2025.pdf,GWRA_2025.pdf,NULL,local_pdf,local_pdf,official_web_fallback,pdf_text,pdf_table,NULL,4128,NULL,NULL,https://cgwb.gov.in
puducherry,karaikal,karaikal,karaikal,Kottucherry,Kottucherry Station,10.95833,79.81667,2014,8,August,3.7,2025.0,Safe,0.0442401,0.039816,0.0149324,37.5,NULL,NULL,normalized_exact,0.7,valid,August_WL_1994-2025.pdf,GWRA_2025.pdf,NULL,local_pdf,local_pdf,official_web_fallback,pdf_text,pdf_table,NULL,4128,NULL,NULL,https://cgwb.gov.in
puducherry,pondicherry,ariankuppam,ariankuppam,Kattukuppam,Kattukuppam Station,11.8,79.78333,2014,8,August,1.5,NULL,Safe,NULL,NULL,NULL,NULL,NULL,NULL,unmatched,0.0,valid,August_WL_1994-2025.pdf,NULL,NULL,local_pdf,official_web_fallback,official_web_fallback,pdf_text,NULL,NULL,4128,NULL,NULL,https://cgwb.gov.in
puducherry,pondicherry,villianur,villianur,M.N.Kuppam,M.N.Kuppam Station,11.9,79.81667,2014,8,August,6.5,NULL,Safe,NULL,NULL,NULL,NULL,NULL,NULL,unmatched,0.0,valid,August_WL_1994-2025.pdf,NULL,NULL,local_pdf,official_web_fallback,official_web_fallback,pdf_text,NULL,NULL,4128,NULL,NULL,https://cgwb.gov.in
puducherry,karaikal,karaikal,karaikal,Karaikal,Karaikal Station,10.93222,79.83139,2013,8,August,3.7,2025.0,Safe,0.0442401,0.039816,0.0149324,37.5,NULL,NULL,normalized_exact,0.7,valid,August_WL_1994-2025.pdf,GWRA_2025.pdf,NULL,local_pdf,local_pdf,official_web_fallback,pdf_text,pdf_table,NULL,4424,NULL,NULL,https://cgwb.gov.in
puducherry,karaikal,karaikal,karaikal,Kilakasakudi,Kilakasakudi Station,10.93333,79.84167,2013,8,August,2.1,2025.0,Safe,0.0442401,0.039816,0.0149324,37.5,NULL,NULL,normalized_exact,0.7,valid,August_WL_1994-2025.pdf,GWRA_2025.pdf,NULL,local_pdf,local_pdf,official_web_fallback,pdf_text,pdf_table,NULL,4424,NULL,NULL,https://cgwb.gov.in
puducherry,karaikal,karaikal,karaikal,Kottucherry,Kottucherry Station,10.95833,79.81667,2013,8,August,4.0,2025.0,Safe,0.0442401,0.039816,0.0149324,37.5,NULL,NULL,normalized_exact,0.7,valid,August_WL_1994-2025.pdf,GWRA_2025.pdf,NULL,local_pdf,local_pdf,official_web_fallback,pdf_text,pdf_table,NULL,4424,NULL,NULL,https://cgwb.gov.in
puducherry,pondicherry,ariankuppam,ariankuppam,Kattukuppam,Kattukuppam Station,11.8,79.78333,2013,8,August,1.4,NULL,Safe,NULL,NULL,NULL,NULL,NULL,NULL,unmatched,0.0,valid,August_WL_1994-2025.pdf,NULL,NULL,local_pdf,official_web_fallback,official_web_fallback,pdf_text,NULL,NULL,4424,NULL,NULL,https://cgwb.gov.in
puducherry,pondicherry,villianur,villianur,M.N.Kuppam,M.N.Kuppam Station,11.9,79.81667,2013,8,August,6.4,NULL,Safe,NULL,NULL,NULL,NULL,NULL,NULL,unmatched,0.0,valid,August_WL_1994-2025.pdf,NULL,NULL,local_pdf,official_web_fallback,official_web_fallback,pdf_text,NULL,NULL,4424,NULL,NULL,https://cgwb.gov.in
puducherry,karaikal,karaikal,karaikal,Kilakasakudi,Kilakasakudi Station,10.93333,79.84167,2012,8,August,2.8,2025.0,Safe,0.0442401,0.039816,0.0149324,37.5,NULL,NULL,normalized_exact,0.7,valid,August_WL_1994-2025.pdf,GWRA_2025.pdf,NULL,local_pdf,local_pdf,official_web_fallback,pdf_text,pdf_table,NULL,4670,NULL,NULL,https://cgwb.gov.in
puducherry,karaikal,karaikal,karaikal,Kottucherry,Kottucherry Station,10.95833,79.81667,2012,8,August,5.9,2025.0,Safe,0.0442401,0.039816,0.0149324,37.5,NULL,NULL,normalized_exact,0.7,valid,August_WL_1994-2025.pdf,GWRA_2025.pdf,NULL,local_pdf,local_pdf,official_web_fallback,pdf_text,pdf_table,NULL,4670,NULL,NULL,https://cgwb.gov.in
puducherry,pondicherry,ariankuppam,ariankuppam,Kattukuppam,Kattukuppam Station,11.8,79.78333,2012,8,August,2.3,NULL,Safe,NULL,NULL,NULL,NULL,NULL,NULL,unmatched,0.0,valid,August_WL_1994-2025.pdf,NULL,NULL,local_pdf,official_web_fallback,official_web_fallback,pdf_text,NULL,NULL,4670,NULL,NULL,https://cgwb.gov.in
puducherry,karaikal,karaikal,karaikal,Kilakasakudi,Kilakasakudi Station,10.93333,79.84167,2011,8,August,2.0,2025.0,Safe,0.0442401,0.039816,0.0149324,37.5,NULL,NULL,normalized_exact,0.7,valid,August_WL_1994-2025.pdf,GWRA_2025.pdf,NULL,local_pdf,local_pdf,official_web_fallback,pdf_text,pdf_table,NULL,4916,NULL,NULL,https://cgwb.gov.in
puducherry,karaikal,karaikal,karaikal,Kottucherry,Kottucherry Station,10.95833,79.81667,2011,8,August,3.7,2025.0,Safe,0.0442401,0.039816,0.0149324,37.5,NULL,NULL,normalized_exact,0.7,valid,August_WL_1994-2025.pdf,GWRA_2025.pdf,NULL,local_pdf,local_pdf,official_web_fallback,pdf_text,pdf_table,NULL,4916,NULL,NULL,https://cgwb.gov.in
puducherry,pondicherry,ariankuppam,ariankuppam,Kattukuppam,Kattukuppam Station,11.8,79.78333,2011,8,August,3.1,NULL,Safe,NULL,NULL,NULL,NULL,NULL,NULL,unmatched,0.0,valid,August_WL_1994-2025.pdf,NULL,NULL,local_pdf,official_web_fallback,official_web_fallback,pdf_text,NULL,NULL,4916,NULL,NULL,https://cgwb.gov.in
puducherry,pondicherry,ariankuppam,ariankuppam,Kattukuppam,Kattukuppam Station,11.8,79.78333,2010,8,August,2.1,NULL,Safe,NULL,NULL,NULL,NULL,NULL,NULL,unmatched,0.0,valid,August_WL_1994-2025.pdf,NULL,NULL,local_pdf,official_web_fallback,official_web_fallback,pdf_text,NULL,NULL,5161,NULL,NULL,https://cgwb.gov.in
puducherry,karaikal,karaikal,karaikal,Kilakasakudi,Kilakasakudi Station,10.93333,79.84167,2009,8,August,3.1,2025.0,Safe,0.0442401,0.039816,0.0149324,37.5,NULL,NULL,normalized_exact,0.7,valid,August_WL_1994-2025.pdf,GWRA_2025.pdf,NULL,local_pdf,local_pdf,official_web_fallback,pdf_text,pdf_table,NULL,5403,NULL,NULL,https://cgwb.gov.in
puducherry,karaikal,karaikal,karaikal,Kottucherry,Kottucherry Station,10.95833,79.81667,2009,8,August,2.3,2025.0,Safe,0.0442401,0.039816,0.0149324,37.5,NULL,NULL,normalized_exact,0.7,valid,August_WL_1994-2025.pdf,GWRA_2025.pdf,NULL,local_pdf,local_pdf,official_web_fallback,pdf_text,pdf_table,NULL,5403,NULL,NULL,https://cgwb.gov.in
puducherry,pondicherry,ariankuppam,ariankuppam,Kattukuppam,Kattukuppam Station,11.8,79.78333,2009,8,August,2.4,NULL,Safe,NULL,NULL,NULL,NULL,NULL,NULL,unmatched,0.0,valid,August_WL_1994-2025.pdf,NULL,NULL,local_pdf,official_web_fallback,official_web_fallback,pdf_text,NULL,NULL,5403,NULL,NULL,https://cgwb.gov.in
puducherry,karaikal,karaikal,karaikal,Kilakasakudi,Kilakasakudi Station,10.93333,79.84167,2008,8,August,2.2,2025.0,Safe,0.0442401,0.039816,0.0149324,37.5,NULL,NULL,normalized_exact,0.7,valid,August_WL_1994-2025.pdf,GWRA_2025.pdf,NULL,local_pdf,local_pdf,official_web_fallback,pdf_text,pdf_table,NULL,5655,NULL,NULL,https://cgwb.gov.in
puducherry,karaikal,karaikal,karaikal,Kottucherry,Kottucherry Station,10.95833,79.81667,2008,8,August,3.9,2025.0,Safe,0.0442401,0.039816,0.0149324,37.5,NULL,NULL,normalized_exact,0.7,valid,August_WL_1994-2025.pdf,GWRA_2025.pdf,NULL,local_pdf,local_pdf,official_web_fallback,pdf_text,pdf_table,NULL,5656,NULL,NULL,https://cgwb.gov.in
puducherry,pondicherry,ariankuppam,ariankuppam,Kattukuppam,Kattukuppam Station,11.8,79.78333,2008,8,August,2.4,NULL,Safe,NULL,NULL,NULL,NULL,NULL,NULL,unmatched,0.0,valid,August_WL_1994-2025.pdf,NULL,NULL,local_pdf,official_web_fallback,official_web_fallback,pdf_text,NULL,NULL,5656,NULL,NULL,https://cgwb.gov.in
puducherry,karaikal,karaikal,karaikal,Kilakasakudi,Kilakasakudi Station,10.93333,79.84167,2007,8,August,1.9,2025.0,Safe,0.0442401,0.039816,0.0149324,37.5,NULL,NULL,normalized_exact,0.7,valid,August_WL_1994-2025.pdf,GWRA_2025.pdf,NULL,local_pdf,local_pdf,official_web_fallback,pdf_text,pdf_table,NULL,5909,NULL,NULL,https://cgwb.gov.in
puducherry,karaikal,karaikal,karaikal,Kottucherry,Kottucherry Station,10.95833,79.81667,2007,8,August,3.4,2025.0,Safe,0.0442401,0.039816,0.0149324,37.5,NULL,NULL,normalized_exact,0.7,valid,August_WL_1994-2025.pdf,GWRA_2025.pdf,NULL,local_pdf,local_pdf,official_web_fallback,pdf_text,pdf_table,NULL,5909,NULL,NULL,https://cgwb.gov.in
puducherry,pondicherry,ariankuppam,ariankuppam,Kattukuppam,Kattukuppam Station,11.8,79.78333,2007,8,August,2.3,NULL,Safe,NULL,NULL,NULL,NULL,NULL,NULL,unmatched,0.0,valid,August_WL_1994-2025.pdf,NULL,NULL,local_pdf,official_web_fallback,official_web_fallback,pdf_text,NULL,NULL,5909,NULL,NULL,https://cgwb.gov.in
puducherry,karaikal,karaikal,karaikal,Kilakasakudi,Kilakasakudi Station,10.93333,79.84167,2006,8,August,2.4,2025.0,Safe,0.0442401,0.039816,0.0149324,37.5,NULL,NULL,normalized_exact,0.7,valid,August_WL_1994-2025.pdf,GWRA_2025.pdf,NULL,local_pdf,local_pdf,official_web_fallback,pdf_text,pdf_table,NULL,6159,NULL,NULL,https://cgwb.gov.in
puducherry,karaikal,karaikal,karaikal,Kottucherry,Kottucherry Station,10.95833,79.81667,2006,8,August,3.3,2025.0,Safe,0.0442401,0.039816,0.0149324,37.5,NULL,NULL,normalized_exact,0.7,valid,August_WL_1994-2025.pdf,GWRA_2025.pdf,NULL,local_pdf,local_pdf,official_web_fallback,pdf_text,pdf_table,NULL,6159,NULL,NULL,https://cgwb.gov.in
puducherry,pondicherry,ariankuppam,ariankuppam,Kattukuppam,Kattukuppam Station,11.8,79.78333,2006,8,August,2.7,NULL,Safe,NULL,NULL,NULL,NULL,NULL,NULL,unmatched,0.0,valid,August_WL_1994-2025.pdf,NULL,NULL,local_pdf,official_web_fallback,official_web_fallback,pdf_text,NULL,NULL,6159,NULL,NULL,https://cgwb.gov.in
puducherry,karaikal,karaikal,karaikal,Kilakasakudi,Kilakasakudi Station,10.93333,79.84167,2005,8,August,2.7,2025.0,Safe,0.0442401,0.039816,0.0149324,37.5,NULL,NULL,normalized_exact,0.7,valid,August_WL_1994-2025.pdf,GWRA_2025.pdf,NULL,local_pdf,local_pdf,official_web_fallback,pdf_text,pdf_table,NULL,6409,NULL,NULL,https://cgwb.gov.in
puducherry,karaikal,karaikal,karaikal,Kottucherry,Kottucherry Station,10.95833,79.81667,2005,8,August,1.3,2025.0,Safe,0.0442401,0.039816,0.0149324,37.5,NULL,NULL,normalized_exact,0.7,valid,August_WL_1994-2025.pdf,GWRA_2025.pdf,NULL,local_pdf,local_pdf,official_web_fallback,pdf_text,pdf_table,NULL,6409,NULL,NULL,https://cgwb.gov.in
puducherry,pondicherry,ariankuppam,ariankuppam,Kattukuppam,Kattukuppam Station,11.8,79.78333,2005,8,August,2.6,NULL,Safe,NULL,NULL,NULL,NULL,NULL,NULL,unmatched,0.0,valid,August_WL_1994-2025.pdf,NULL,NULL,local_pdf,official_web_fallback,official_web_fallback,pdf_text,NULL,NULL,6409,NULL,NULL,https://cgwb.gov.in
puducherry,karaikal,karaikal,karaikal,Kilakasakudi,Kilakasakudi Station,10.93333,79.84167,2004,8,August,3.8,2025.0,Safe,0.0442401,0.039816,0.0149324,37.5,NULL,NULL,normalized_exact,0.7,valid,August_WL_1994-2025.pdf,GWRA_2025.pdf,NULL,local_pdf,local_pdf,official_web_fallback,pdf_text,pdf_table,NULL,6666,NULL,NULL,https://cgwb.gov.in
puducherry,karaikal,karaikal,karaikal,Kottucherry,Kottucherry Station,10.95833,79.81667,2004,8,August,4.0,2025.0,Safe,0.0442401,0.039816,0.0149324,37.5,NULL,NULL,normalized_exact,0.7,valid,August_WL_1994-2025.pdf,GWRA_2025.pdf,NULL,local_pdf,local_pdf,official_web_fallback,pdf_text,pdf_table,NULL,6666,NULL,NULL,https://cgwb.gov.in
puducherry,pondicherry,ariankuppam,ariankuppam,Kattukuppam,Kattukuppam Station,11.8,79.78333,2004,8,August,2.4,NULL,Safe,NULL,NULL,NULL,NULL,NULL,NULL,unmatched,0.0,valid,August_WL_1994-2025.pdf,NULL,NULL,local_pdf,official_web_fallback,official_web_fallback,pdf_text,NULL,NULL,6666,NULL,NULL,https://cgwb.gov.in
puducherry,karaikal,karaikal,karaikal,Kilakasakudi,Kilakasakudi Station,10.93333,79.84167,2003,8,August,2.4,2025.0,Safe,0.0442401,0.039816,0.0149324,37.5,NULL,NULL,normalized_exact,0.7,valid,August_WL_1994-2025.pdf,GWRA_2025.pdf,NULL,local_pdf,local_pdf,official_web_fallback,pdf_text,pdf_table,NULL,6932,NULL,NULL,https://cgwb.gov.in
puducherry,karaikal,karaikal,karaikal,Kottucherry,Kottucherry Station,10.95833,79.81667,2003,8,August,3.9,2025.0,Safe,0.0442401,0.039816,0.0149324,37.5,NULL,NULL,normalized_exact,0.7,valid,August_WL_1994-2025.pdf,GWRA_2025.pdf,NULL,local_pdf,local_pdf,official_web_fallback,pdf_text,pdf_table,NULL,6932,NULL,NULL,https://cgwb.gov.in
puducherry,pondicherry,ariankuppam,ariankuppam,Kattukuppam,Kattukuppam Station,11.8,79.78333,2003,8,August,2.5,NULL,Safe,NULL,NULL,NULL,NULL,NULL,NULL,unmatched,0.0,valid,August_WL_1994-2025.pdf,NULL,NULL,local_pdf,official_web_fallback,official_web_fallback,pdf_text,NULL,NULL,6932,NULL,NULL,https://cgwb.gov.in
puducherry,pondicherry,ariankuppam,ariankuppam,Kattukuppam,Kattukuppam Station,11.8,79.78333,2002,8,August,5.0,NULL,Safe,NULL,NULL,NULL,NULL,NULL,NULL,unmatched,0.0,valid,August_WL_1994-2025.pdf,NULL,NULL,local_pdf,official_web_fallback,official_web_fallback,pdf_text,NULL,NULL,7187,NULL,NULL,https://cgwb.gov.in
puducherry,karaikal,karaikal,karaikal,Kilakasakudi,Kilakasakudi Station,10.93333,79.84167,2001,8,August,2.3,2025.0,Safe,0.0442401,0.039816,0.0149324,37.5,NULL,NULL,normalized_exact,0.7,valid,August_WL_1994-2025.pdf,GWRA_2025.pdf,NULL,local_pdf,local_pdf,official_web_fallback,pdf_text,pdf_table,NULL,7449,NULL,NULL,https://cgwb.gov.in
puducherry,karaikal,karaikal,karaikal,Kottucherry,Kottucherry Station,10.95833,79.81667,2001,8,August,3.4,2025.0,Safe,0.0442401,0.039816,0.0149324,37.5,NULL,NULL,normalized_exact,0.7,valid,August_WL_1994-2025.pdf,GWRA_2025.pdf,NULL,local_pdf,local_pdf,official_web_fallback,pdf_text,pdf_table,NULL,7449,NULL,NULL,https://cgwb.gov.in
puducherry,karaikal,karaikal,karaikal,Kilakasakudi,Kilakasakudi Station,10.93333,79.84167,2000,8,August,2.2,2025.0,Safe,0.0442401,0.039816,0.0149324,37.5,NULL,NULL,normalized_exact,0.7,valid,August_WL_1994-2025.pdf,GWRA_2025.pdf,NULL,local_pdf,local_pdf,official_web_fallback,pdf_text,pdf_table,NULL,7710,NULL,NULL,https://cgwb.gov.in
puducherry,pondicherry,ariankuppam,ariankuppam,Kattukuppam,Kattukuppam Station,11.8,79.78333,2000,8,August,2.3,NULL,Safe,NULL,NULL,NULL,NULL,NULL,NULL,unmatched,0.0,valid,August_WL_1994-2025.pdf,NULL,NULL,local_pdf,official_web_fallback,official_web_fallback,pdf_text,NULL,NULL,7710,NULL,NULL,https://cgwb.gov.in
puducherry,karaikal,karaikal,karaikal,Kilakasakudi,Kilakasakudi Station,10.93333,79.84167,1999,8,August,2.7,2025.0,Safe,0.0442401,0.039816,0.0149324,37.5,NULL,NULL,normalized_exact,0.7,valid,August_WL_1994-2025.pdf,GWRA_2025.pdf,NULL,local_pdf,local_pdf,official_web_fallback,pdf_text,pdf_table,NULL,7972,NULL,NULL,https://cgwb.gov.in
puducherry,karaikal,karaikal,karaikal,Kottucherry,Kottucherry Station,10.95833,79.81667,1999,8,August,4.4,2025.0,Safe,0.0442401,0.039816,0.0149324,37.5,NULL,NULL,normalized_exact,0.7,valid,August_WL_1994-2025.pdf,GWRA_2025.pdf,NULL,local_pdf,local_pdf,official_web_fallback,pdf_text,pdf_table,NULL,7972,NULL,NULL,https://cgwb.gov.in
puducherry,karaikal,karaikal,karaikal,Kilakasakudi,Kilakasakudi Station,10.93333,79.84167,1998,8,August,2.0,2025.0,Safe,0.0442401,0.039816,0.0149324,37.5,NULL,NULL,normalized_exact,0.7,valid,August_WL_1994-2025.pdf,GWRA_2025.pdf,NULL,local_pdf,local_pdf,official_web_fallback,pdf_text,pdf_table,NULL,8231,NULL,NULL,https://cgwb.gov.in
puducherry,karaikal,karaikal,karaikal,Kottucherry,Kottucherry Station,10.95833,79.81667,1998,8,August,3.4,2025.0,Safe,0.0442401,0.039816,0.0149324,37.5,NULL,NULL,normalized_exact,0.7,valid,August_WL_1994-2025.pdf,GWRA_2025.pdf,NULL,local_pdf,local_pdf,official_web_fallback,pdf_text,pdf_table,NULL,8231,NULL,NULL,https://cgwb.gov.in
puducherry,karaikal,karaikal,karaikal,Kilakasakudi,Kilakasakudi Station,10.93333,79.84167,1997,8,August,2.2,2025.0,Safe,0.0442401,0.039816,0.0149324,37.5,NULL,NULL,normalized_exact,0.7,valid,August_WL_1994-2025.pdf,GWRA_2025.pdf,NULL,local_pdf,local_pdf,official_web_fallback,pdf_text,pdf_table,NULL,8486,NULL,NULL,https://cgwb.gov.in
puducherry,karaikal,karaikal,karaikal,Kottucherry,Kottucherry Station,10.95833,79.81667,1997,8,August,3.9,2025.0,Safe,0.0442401,0.039816,0.0149324,37.5,NULL,NULL,normalized_exact,0.7,valid,August_WL_1994-2025.pdf,GWRA_2025.pdf,NULL,local_pdf,local_pdf,official_web_fallback,pdf_text,pdf_table,NULL,8486,NULL,NULL,https://cgwb.gov.in
puducherry,pondicherry,ariankuppam,ariankuppam,Kattukuppam,Kattukuppam Station,11.8,79.78333,1997,8,August,1.6,NULL,Safe,NULL,NULL,NULL,NULL,NULL,NULL,unmatched,0.0,valid,August_WL_1994-2025.pdf,NULL,NULL,local_pdf,official_web_fallback,official_web_fallback,pdf_text,NULL,NULL,8486,NULL,NULL,https://cgwb.gov.in
puducherry,karaikal,karaikal,karaikal,Kottucherry,Kottucherry Station,10.95833,79.81667,1996,8,August,2.8,2025.0,Safe,0.0442401,0.039816,0.0149324,37.5,NULL,NULL,normalized_exact,0.7,valid,August_WL_1994-2025.pdf,GWRA_2025.pdf,NULL,local_pdf,local_pdf,official_web_fallback,pdf_text,pdf_table,NULL,8750,NULL,NULL,https://cgwb.gov.in
puducherry,pondicherry,ariankuppam,ariankuppam,Kattukuppam,Kattukuppam Station,11.8,79.78333,1996,8,August,2.1,NULL,Safe,NULL,NULL,NULL,NULL,NULL,NULL,unmatched,0.0,valid,August_WL_1994-2025.pdf,NULL,NULL,local_pdf,official_web_fallback,official_web_fallback,pdf_text,NULL,NULL,8750,NULL,NULL,https://cgwb.gov.in
puducherry,karaikal,karaikal,karaikal,Kilakasakudi,Kilakasakudi Station,10.93333,79.84167,1995,8,August,2.1,2025.0,Safe,0.0442401,0.039816,0.0149324,37.5,NULL,NULL,normalized_exact,0.7,valid,August_WL_1994-2025.pdf,GWRA_2025.pdf,NULL,local_pdf,local_pdf,official_web_fallback,pdf_text,pdf_table,NULL,9008,NULL,NULL,https://cgwb.gov.in
puducherry,karaikal,karaikal,karaikal,Kottucherry,Kottucherry Station,10.95833,79.81667,1995,8,August,2.6,2025.0,Safe,0.0442401,0.039816,0.0149324,37.5,NULL,NULL,normalized_exact,0.7,valid,August_WL_1994-2025.pdf,GWRA_2025.pdf,NULL,local_pdf,local_pdf,official_web_fallback,pdf_text,pdf_table,NULL,9008,NULL,NULL,https://cgwb.gov.in
puducherry,pondicherry,ariankuppam,ariankuppam,Kattukuppam,Kattukuppam Station,11.8,79.78333,1995,8,August,2.2,NULL,Safe,NULL,NULL,NULL,NULL,NULL,NULL,unmatched,0.0,valid,August_WL_1994-2025.pdf,NULL,NULL,local_pdf,official_web_fallback,official_web_fallback,pdf_text,NULL,NULL,9008,NULL,NULL,https://cgwb.gov.in
puducherry,karaikal,karaikal,karaikal,Karaikal,Karaikal Station,10.93222,79.83139,2025,5,Pre-monsoon,2.82,2025.0,Safe,0.0442401,0.039816,0.0149324,37.5,106.61346435546876,monthly,normalized_exact,0.7,valid,Pre-monsoon_WL_1994-2025.pdf,GWRA_2025.pdf,IMD Gridded Rainfall (0.25x0.25 deg),local_pdf,local_pdf,official_web_fallback,pdf_text,pdf_table,netcdf_spatial_lookup,228,NULL,NULL,https://cgwb.gov.in
puducherry,karaikal,karaikal,karaikal,Kilakasakudi,Kilakasakudi Station,10.93333,79.84167,2025,5,Pre-monsoon,4.09,2025.0,Safe,0.0442401,0.039816,0.0149324,37.5,106.61346435546876,monthly,normalized_exact,0.7,valid,Pre-monsoon_WL_1994-2025.pdf,GWRA_2025.pdf,IMD Gridded Rainfall (0.25x0.25 deg),local_pdf,local_pdf,official_web_fallback,pdf_text,pdf_table,netcdf_spatial_lookup,228,NULL,NULL,https://cgwb.gov.in
puducherry,karaikal,karaikal,karaikal,Kottucherry,Kottucherry Station,10.95833,79.81667,2025,5,Pre-monsoon,1.4,2025.0,Safe,0.0442401,0.039816,0.0149324,37.5,106.61346435546876,monthly,normalized_exact,0.7,valid,Pre-monsoon_WL_1994-2025.pdf,GWRA_2025.pdf,IMD Gridded Rainfall (0.25x0.25 deg),local_pdf,local_pdf,official_web_fallback,pdf_text,pdf_table,netcdf_spatial_lookup,229,NULL,NULL,https://cgwb.gov.in
puducherry,karaikal,karaikal,karaikal,Thirunallar,Thirunallar Station,10.92898,79.79662,2025,5,Pre-monsoon,2.75,2025.0,Safe,0.0442401,0.039816,0.0149324,37.5,106.61346435546876,monthly,normalized_exact,0.7,valid,Pre-monsoon_WL_1994-2025.pdf,GWRA_2025.pdf,IMD Gridded Rainfall (0.25x0.25 deg),local_pdf,local_pdf,official_web_fallback,pdf_text,pdf_table,netcdf_spatial_lookup,229,NULL,NULL,https://cgwb.gov.in
puducherry,pondicherry,ariankuppam,ariankuppam,Pondicherry,Pondicherry Station,11.91194,79.82333,2025,5,Pre-monsoon,2.2,NULL,Safe,NULL,NULL,NULL,NULL,102.36148071289062,monthly,unmatched,0.0,valid,Pre-monsoon_WL_1994-2025.pdf,NULL,IMD Gridded Rainfall (0.25x0.25 deg),local_pdf,official_web_fallback,official_web_fallback,pdf_text,NULL,netcdf_spatial_lookup,229,NULL,NULL,https://cgwb.gov.in
puducherry,pondicherry,ariankuppam,ariankuppam,Reddichavadi,Reddichavadi Station,11.88333,79.76667,2025,5,Pre-monsoon,3.6,NULL,Safe,NULL,NULL,NULL,NULL,102.36148071289062,monthly,unmatched,0.0,valid,Pre-monsoon_WL_1994-2025.pdf,NULL,IMD Gridded Rainfall (0.25x0.25 deg),local_pdf,official_web_fallback,official_web_fallback,pdf_text,NULL,netcdf_spatial_lookup,229,NULL,NULL,https://cgwb.gov.in
puducherry,pondicherry,villianur,villianur,M.N.Kuppam,M.N.Kuppam Station,11.9,79.81667,2025,5,Pre-monsoon,5.24,NULL,Safe,NULL,NULL,NULL,NULL,102.36148071289062,monthly,unmatched,0.0,valid,Pre-monsoon_WL_1994-2025.pdf,NULL,IMD Gridded Rainfall (0.25x0.25 deg),local_pdf,official_web_fallback,official_web_fallback,pdf_text,NULL,netcdf_spatial_lookup,229,NULL,NULL,https://cgwb.gov.in
puducherry,pondicherry,villianur,villianur,Villianur,Villianur Station,11.91667,79.75833,2025,5,Pre-monsoon,5.2,NULL,Safe,NULL,NULL,NULL,NULL,102.36148071289062,monthly,unmatched,0.0,valid,Pre-monsoon_WL_1994-2025.pdf,NULL,IMD Gridded Rainfall (0.25x0.25 deg),local_pdf,official_web_fallback,official_web_fallback,pdf_text,NULL,netcdf_spatial_lookup,229,NULL,NULL,https://cgwb.gov.in
puducherry,karaikal,karaikal,karaikal,Karaikal,Karaikal Station,10.93222,79.83139,2024,5,Pre-monsoon,2.7,2025.0,Safe,0.0442401,0.039816,0.0149324,37.5,NULL,NULL,normalized_exact,0.7,valid,Pre-monsoon_WL_1994-2025.pdf,GWRA_2025.pdf,NULL,local_pdf,local_pdf,official_web_fallback,pdf_text,pdf_table,NULL,648,NULL,NULL,https://cgwb.gov.in
puducherry,karaikal,karaikal,karaikal,Kilakasakudi,Kilakasakudi Station,10.93333,79.84167,2024,5,Pre-monsoon,1.8,2025.0,Safe,0.0442401,0.039816,0.0149324,37.5,NULL,NULL,normalized_exact,0.7,valid,Pre-monsoon_WL_1994-2025.pdf,GWRA_2025.pdf,NULL,local_pdf,local_pdf,official_web_fallback,pdf_text,pdf_table,NULL,648,NULL,NULL,https://cgwb.gov.in
puducherry,karaikal,karaikal,karaikal,Kottucherry,Kottucherry Station,10.95833,79.81667,2024,5,Pre-monsoon,2.1,2025.0,Safe,0.0442401,0.039816,0.0149324,37.5,NULL,NULL,normalized_exact,0.7,valid,Pre-monsoon_WL_1994-2025.pdf,GWRA_2025.pdf,NULL,local_pdf,local_pdf,official_web_fallback,pdf_text,pdf_table,NULL,648,NULL,NULL,https://cgwb.gov.in
puducherry,karaikal,karaikal,karaikal,Thirunallar,Thirunallar Station,10.92898,79.79662,2024,5,Pre-monsoon,2.1,2025.0,Safe,0.0442401,0.039816,0.0149324,37.5,NULL,NULL,normalized_exact,0.7,valid,Pre-monsoon_WL_1994-2025.pdf,GWRA_2025.pdf,NULL,local_pdf,local_pdf,official_web_fallback,pdf_text,pdf_table,NULL,648,NULL,NULL,https://cgwb.gov.in
puducherry,pondicherry,ariankuppam,ariankuppam,Kattukuppam,Kattukuppam Station,11.8,79.78333,2024,5,Pre-monsoon,2.2,NULL,Safe,NULL,NULL,NULL,NULL,NULL,NULL,unmatched,0.0,valid,Pre-monsoon_WL_1994-2025.pdf,NULL,NULL,local_pdf,official_web_fallback,official_web_fallback,pdf_text,NULL,NULL,648,NULL,NULL,https://cgwb.gov.in
puducherry,pondicherry,ariankuppam,ariankuppam,Pondicherry,Pondicherry Station,11.91194,79.82333,2024,5,Pre-monsoon,3.2,NULL,Safe,NULL,NULL,NULL,NULL,NULL,NULL,unmatched,0.0,valid,Pre-monsoon_WL_1994-2025.pdf,NULL,NULL,local_pdf,official_web_fallback,official_web_fallback,pdf_text,NULL,NULL,648,NULL,NULL,https://cgwb.gov.in
puducherry,pondicherry,ariankuppam,ariankuppam,Reddichavadi,Reddichavadi Station,11.88333,79.76667,2024,5,Pre-monsoon,3.2,NULL,Safe,NULL,NULL,NULL,NULL,NULL,NULL,unmatched,0.0,valid,Pre-monsoon_WL_1994-2025.pdf,NULL,NULL,local_pdf,official_web_fallback,official_web_fallback,pdf_text,NULL,NULL,648,NULL,NULL,https://cgwb.gov.in
puducherry,pondicherry,villianur,villianur,M.N.Kuppam,M.N.Kuppam Station,11.9,79.81667,2024,5,Pre-monsoon,7.3,NULL,Safe,NULL,NULL,NULL,NULL,NULL,NULL,unmatched,0.0,valid,Pre-monsoon_WL_1994-2025.pdf,NULL,NULL,local_pdf,official_web_fallback,official_web_fallback,pdf_text,NULL,NULL,648,NULL,NULL,https://cgwb.gov.in
puducherry,pondicherry,villianur,villianur,Villianur,Villianur Station,11.91667,79.75833,2024,5,Pre-monsoon,5.0,NULL,Safe,NULL,NULL,NULL,NULL,NULL,NULL,unmatched,0.0,valid,Pre-monsoon_WL_1994-2025.pdf,NULL,NULL,local_pdf,official_web_fallback,official_web_fallback,pdf_text,NULL,NULL,648,NULL,NULL,https://cgwb.gov.in
puducherry,karaikal,karaikal,karaikal,Karaikal,Karaikal Station,10.93222,79.83139,2023,5,Pre-monsoon,3.0,2025.0,Safe,0.0442401,0.039816,0.0149324,37.5,NULL,NULL,normalized_exact,0.7,valid,Pre-monsoon_WL_1994-2025.pdf,GWRA_2025.pdf,NULL,local_pdf,local_pdf,official_web_fallback,pdf_text,pdf_table,NULL,1103,NULL,NULL,https://cgwb.gov.in
puducherry,karaikal,karaikal,karaikal,Kilakasakudi,Kilakasakudi Station,10.93333,79.84167,2023,5,Pre-monsoon,2.1,2025.0,Safe,0.0442401,0.039816,0.0149324,37.5,NULL,NULL,normalized_exact,0.7,valid,Pre-monsoon_WL_1994-2025.pdf,GWRA_2025.pdf,NULL,local_pdf,local_pdf,official_web_fallback,pdf_text,pdf_table,NULL,1103,NULL,NULL,https://cgwb.gov.in
puducherry,karaikal,karaikal,karaikal,Kottucherry,Kottucherry Station,10.95833,79.81667,2023,5,Pre-monsoon,2.0,2025.0,Safe,0.0442401,0.039816,0.0149324,37.5,NULL,NULL,normalized_exact,0.7,valid,Pre-monsoon_WL_1994-2025.pdf,GWRA_2025.pdf,NULL,local_pdf,local_pdf,official_web_fallback,pdf_text,pdf_table,NULL,1103,NULL,NULL,https://cgwb.gov.in
puducherry,karaikal,karaikal,karaikal,Thirunallar,Thirunallar Station,10.92898,79.79662,2023,5,Pre-monsoon,1.8,2025.0,Safe,0.0442401,0.039816,0.0149324,37.5,NULL,NULL,normalized_exact,0.7,valid,Pre-monsoon_WL_1994-2025.pdf,GWRA_2025.pdf,NULL,local_pdf,local_pdf,official_web_fallback,pdf_text,pdf_table,NULL,1103,NULL,NULL,https://cgwb.gov.in
puducherry,pondicherry,ariankuppam,ariankuppam,Kattukuppam,Kattukuppam Station,11.8,79.78333,2023,5,Pre-monsoon,2.2,NULL,Safe,NULL,NULL,NULL,NULL,NULL,NULL,unmatched,0.0,valid,Pre-monsoon_WL_1994-2025.pdf,NULL,NULL,local_pdf,official_web_fallback,official_web_fallback,pdf_text,NULL,NULL,1103,NULL,NULL,https://cgwb.gov.in
puducherry,pondicherry,ariankuppam,ariankuppam,Pondicherry,Pondicherry Station,11.91194,79.82333,2023,5,Pre-monsoon,5.5,NULL,Safe,NULL,NULL,NULL,NULL,NULL,NULL,unmatched,0.0,valid,Pre-monsoon_WL_1994-2025.pdf,NULL,NULL,local_pdf,official_web_fallback,official_web_fallback,pdf_text,NULL,NULL,1103,NULL,NULL,https://cgwb.gov.in
puducherry,pondicherry,ariankuppam,ariankuppam,Reddichavadi,Reddichavadi Station,11.88333,79.76667,2023,5,Pre-monsoon,3.5,NULL,Safe,NULL,NULL,NULL,NULL,NULL,NULL,unmatched,0.0,valid,Pre-monsoon_WL_1994-2025.pdf,NULL,NULL,local_pdf,official_web_fallback,official_web_fallback,pdf_text,NULL,NULL,1103,NULL,NULL,https://cgwb.gov.in
puducherry,pondicherry,villianur,villianur,M.N.Kuppam,M.N.Kuppam Station,11.9,79.81667,2023,5,Pre-monsoon,5.7,NULL,Safe,NULL,NULL,NULL,NULL,NULL,NULL,unmatched,0.0,valid,Pre-monsoon_WL_1994-2025.pdf,NULL,NULL,local_pdf,official_web_fallback,official_web_fallback,pdf_text,NULL,NULL,1103,NULL,NULL,https://cgwb.gov.in
puducherry,pondicherry,villianur,villianur,Villianur,Villianur Station,11.91667,79.75833,2023,5,Pre-monsoon,5.7,NULL,Safe,NULL,NULL,NULL,NULL,NULL,NULL,unmatched,0.0,valid,Pre-monsoon_WL_1994-2025.pdf,NULL,NULL,local_pdf,official_web_fallback,official_web_fallback,pdf_text,NULL,NULL,1103,NULL,NULL,https://cgwb.gov.in
puducherry,karaikal,karaikal,karaikal,Karaikal,Karaikal Station,10.93222,79.83139,2022,5,Pre-monsoon,2.4,2025.0,Safe,0.0442401,0.039816,0.0149324,37.5,NULL,NULL,normalized_exact,0.7,valid,Pre-monsoon_WL_1994-2025.pdf,GWRA_2025.pdf,NULL,local_pdf,local_pdf,official_web_fallback,pdf_text,pdf_table,NULL,1548,NULL,NULL,https://cgwb.gov.in
puducherry,karaikal,karaikal,karaikal,Kilakasakudi,Kilakasakudi Station,10.93333,79.84167,2022,5,Pre-monsoon,2.0,2025.0,Safe,0.0442401,0.039816,0.0149324,37.5,NULL,NULL,normalized_exact,0.7,valid,Pre-monsoon_WL_1994-2025.pdf,GWRA_2025.pdf,NULL,local_pdf,local_pdf,official_web_fallback,pdf_text,pdf_table,NULL,1548,NULL,NULL,https://cgwb.gov.in
puducherry,karaikal,karaikal,karaikal,Kottucherry,Kottucherry Station,10.95833,79.81667,2022,5,Pre-monsoon,2.6,2025.0,Safe,0.0442401,0.039816,0.0149324,37.5,NULL,NULL,normalized_exact,0.7,valid,Pre-monsoon_WL_1994-2025.pdf,GWRA_2025.pdf,NULL,local_pdf,local_pdf,official_web_fallback,pdf_text,pdf_table,NULL,1548,NULL,NULL,https://cgwb.gov.in
puducherry,karaikal,karaikal,karaikal,Thirunallar,Thirunallar Station,10.92898,79.79662,2022,5,Pre-monsoon,1.8,2025.0,Safe,0.0442401,0.039816,0.0149324,37.5,NULL,NULL,normalized_exact,0.7,valid,Pre-monsoon_WL_1994-2025.pdf,GWRA_2025.pdf,NULL,local_pdf,local_pdf,official_web_fallback,pdf_text,pdf_table,NULL,1548,NULL,NULL,https://cgwb.gov.in
puducherry,pondicherry,ariankuppam,ariankuppam,Kattukuppam,Kattukuppam Station,11.8,79.78333,2022,5,Pre-monsoon,2.0,NULL,Safe,NULL,NULL,NULL,NULL,NULL,NULL,unmatched,0.0,valid,Pre-monsoon_WL_1994-2025.pdf,NULL,NULL,local_pdf,official_web_fallback,official_web_fallback,pdf_text,NULL,NULL,1548,NULL,NULL,https://cgwb.gov.in
puducherry,pondicherry,ariankuppam,ariankuppam,Pondicherry,Pondicherry Station,11.91194,79.82333,2022,5,Pre-monsoon,2.8,NULL,Safe,NULL,NULL,NULL,NULL,NULL,NULL,unmatched,0.0,valid,Pre-monsoon_WL_1994-2025.pdf,NULL,NULL,local_pdf,official_web_fallback,official_web_fallback,pdf_text,NULL,NULL,1548,NULL,NULL,https://cgwb.gov.in
puducherry,pondicherry,ariankuppam,ariankuppam,Reddichavadi,Reddichavadi Station,11.88333,79.76667,2022,5,Pre-monsoon,2.6,NULL,Safe,NULL,NULL,NULL,NULL,NULL,NULL,unmatched,0.0,valid,Pre-monsoon_WL_1994-2025.pdf,NULL,NULL,local_pdf,official_web_fallback,official_web_fallback,pdf_text,NULL,NULL,1548,NULL,NULL,https://cgwb.gov.in
puducherry,pondicherry,villianur,villianur,M.N.Kuppam,M.N.Kuppam Station,11.9,79.81667,2022,5,Pre-monsoon,3.3,NULL,Safe,NULL,NULL,NULL,NULL,NULL,NULL,unmatched,0.0,valid,Pre-monsoon_WL_1994-2025.pdf,NULL,NULL,local_pdf,official_web_fallback,official_web_fallback,pdf_text,NULL,NULL,1548,NULL,NULL,https://cgwb.gov.in
puducherry,pondicherry,villianur,villianur,Villianur,Villianur Station,11.91667,79.75833,2022,5,Pre-monsoon,3.2,NULL,Safe,NULL,NULL,NULL,NULL,NULL,NULL,unmatched,0.0,valid,Pre-monsoon_WL_1994-2025.pdf,NULL,NULL,local_pdf,official_web_fallback,official_web_fallback,pdf_text,NULL,NULL,1548,NULL,NULL,https://cgwb.gov.in
puducherry,pondicherry,ariankuppam,ariankuppam,Kattukuppam,Kattukuppam Station,11.8,79.78333,2021,5,Pre-monsoon,1.8,NULL,Safe,NULL,NULL,NULL,NULL,NULL,NULL,unmatched,0.0,valid,Pre-monsoon_WL_1994-2025.pdf,NULL,NULL,local_pdf,official_web_fallback,official_web_fallback,pdf_text,NULL,NULL,1862,NULL,NULL,https://cgwb.gov.in
puducherry,pondicherry,ariankuppam,ariankuppam,Pondicherry,Pondicherry Station,11.91194,79.82333,2021,5,Pre-monsoon,3.7,NULL,Safe,NULL,NULL,NULL,NULL,NULL,NULL,unmatched,0.0,valid,Pre-monsoon_WL_1994-2025.pdf,NULL,NULL,local_pdf,official_web_fallback,official_web_fallback,pdf_text,NULL,NULL,1862,NULL,NULL,https://cgwb.gov.in
puducherry,pondicherry,ariankuppam,ariankuppam,Reddichavadi,Reddichavadi Station,11.88333,79.76667,2021,5,Pre-monsoon,7.3,NULL,Safe,NULL,NULL,NULL,NULL,NULL,NULL,unmatched,0.0,valid,Pre-monsoon_WL_1994-2025.pdf,NULL,NULL,local_pdf,official_web_fallback,official_web_fallback,pdf_text,NULL,NULL,1862,NULL,NULL,https://cgwb.gov.in
puducherry,pondicherry,villianur,villianur,M.N.Kuppam,M.N.Kuppam Station,11.9,79.81667,2021,5,Pre-monsoon,5.1,NULL,Safe,NULL,NULL,NULL,NULL,NULL,NULL,unmatched,0.0,valid,Pre-monsoon_WL_1994-2025.pdf,NULL,NULL,local_pdf,official_web_fallback,official_web_fallback,pdf_text,NULL,NULL,1862,NULL,NULL,https://cgwb.gov.in
puducherry,pondicherry,villianur,villianur,Villianur,Villianur Station,11.91667,79.75833,2021,5,Pre-monsoon,5.0,NULL,Safe,NULL,NULL,NULL,NULL,NULL,NULL,unmatched,0.0,valid,Pre-monsoon_WL_1994-2025.pdf,NULL,NULL,local_pdf,official_web_fallback,official_web_fallback,pdf_text,NULL,NULL,1862,NULL,NULL,https://cgwb.gov.in
puducherry,karaikal,karaikal,karaikal,Karaikal,Karaikal Station,10.93222,79.83139,2019,5,Pre-monsoon,3.9,2025.0,Safe,0.0442401,0.039816,0.0149324,37.5,NULL,NULL,normalized_exact,0.7,valid,Pre-monsoon_WL_1994-2025.pdf,GWRA_2025.pdf,NULL,local_pdf,local_pdf,official_web_fallback,pdf_text,pdf_table,NULL,2491,NULL,NULL,https://cgwb.gov.in
puducherry,karaikal,karaikal,karaikal,Kilakasakudi,Kilakasakudi Station,10.93333,79.84167,2019,5,Pre-monsoon,2.5,2025.0,Safe,0.0442401,0.039816,0.0149324,37.5,NULL,NULL,normalized_exact,0.7,valid,Pre-monsoon_WL_1994-2025.pdf,GWRA_2025.pdf,NULL,local_pdf,local_pdf,official_web_fallback,pdf_text,pdf_table,NULL,2491,NULL,NULL,https://cgwb.gov.in
puducherry,karaikal,karaikal,karaikal,Kottucherry,Kottucherry Station,10.95833,79.81667,2019,5,Pre-monsoon,3.4,2025.0,Safe,0.0442401,0.039816,0.0149324,37.5,NULL,NULL,normalized_exact,0.7,valid,Pre-monsoon_WL_1994-2025.pdf,GWRA_2025.pdf,NULL,local_pdf,local_pdf,official_web_fallback,pdf_text,pdf_table,NULL,2491,NULL,NULL,https://cgwb.gov.in
puducherry,karaikal,karaikal,karaikal,Thirunallar,Thirunallar Station,10.92898,79.79662,2019,5,Pre-monsoon,3.3,2025.0,Safe,0.0442401,0.039816,0.0149324,37.5,NULL,NULL,normalized_exact,0.7,valid,Pre-monsoon_WL_1994-2025.pdf,GWRA_2025.pdf,NULL,local_pdf,local_pdf,official_web_fallback,pdf_text,pdf_table,NULL,2491,NULL,NULL,https://cgwb.gov.in
puducherry,pondicherry,ariankuppam,ariankuppam,Kattukuppam,Kattukuppam Station,11.8,79.78333,2019,5,Pre-monsoon,4.3,NULL,Safe,NULL,NULL,NULL,NULL,NULL,NULL,unmatched,0.0,valid,Pre-monsoon_WL_1994-2025.pdf,NULL,NULL,local_pdf,official_web_fallback,official_web_fallback,pdf_text,NULL,NULL,2491,NULL,NULL,https://cgwb.gov.in
puducherry,pondicherry,ariankuppam,ariankuppam,Pondicherry,Pondicherry Station,11.91194,79.82333,2019,5,Pre-monsoon,3.5,NULL,Safe,NULL,NULL,NULL,NULL,NULL,NULL,unmatched,0.0,valid,Pre-monsoon_WL_1994-2025.pdf,NULL,NULL,local_pdf,official_web_fallback,official_web_fallback,pdf_text,NULL,NULL,2491,NULL,NULL,https://cgwb.gov.in
puducherry,pondicherry,ariankuppam,ariankuppam,Reddichavadi,Reddichavadi Station,11.88333,79.76667,2019,5,Pre-monsoon,3.1,NULL,Safe,NULL,NULL,NULL,NULL,NULL,NULL,unmatched,0.0,valid,Pre-monsoon_WL_1994-2025.pdf,NULL,NULL,local_pdf,official_web_fallback,official_web_fallback,pdf_text,NULL,NULL,2491,NULL,NULL,https://cgwb.gov.in
puducherry,pondicherry,villianur,villianur,M.N.Kuppam,M.N.Kuppam Station,11.9,79.81667,2019,5,Pre-monsoon,6.7,NULL,Safe,NULL,NULL,NULL,NULL,NULL,NULL,unmatched,0.0,valid,Pre-monsoon_WL_1994-2025.pdf,NULL,NULL,local_pdf,official_web_fallback,official_web_fallback,pdf_text,NULL,NULL,2491,NULL,NULL,https://cgwb.gov.in
puducherry,pondicherry,villianur,villianur,Villianur,Villianur Station,11.91667,79.75833,2019,5,Pre-monsoon,7.1,NULL,Safe,NULL,NULL,NULL,NULL,NULL,NULL,unmatched,0.0,valid,Pre-monsoon_WL_1994-2025.pdf,NULL,NULL,local_pdf,official_web_fallback,official_web_fallback,pdf_text,NULL,NULL,2491,NULL,NULL,https://cgwb.gov.in
puducherry,karaikal,karaikal,karaikal,Karaikal,Karaikal Station,10.93222,79.83139,2018,5,Pre-monsoon,3.42,2025.0,Safe,0.0442401,0.039816,0.0149324,37.5,NULL,NULL,normalized_exact,0.7,valid,Pre-monsoon_WL_1994-2025.pdf,GWRA_2025.pdf,NULL,local_pdf,local_pdf,official_web_fallback,pdf_text,pdf_table,NULL,2930,NULL,NULL,https://cgwb.gov.in
puducherry,karaikal,karaikal,karaikal,Kilakasakudi,Kilakasakudi Station,10.93333,79.84167,2018,5,Pre-monsoon,2.53,2025.0,Safe,0.0442401,0.039816,0.0149324,37.5,NULL,NULL,normalized_exact,0.7,valid,Pre-monsoon_WL_1994-2025.pdf,GWRA_2025.pdf,NULL,local_pdf,local_pdf,official_web_fallback,pdf_text,pdf_table,NULL,2930,NULL,NULL,https://cgwb.gov.in
puducherry,karaikal,karaikal,karaikal,Kottucherry,Kottucherry Station,10.95833,79.81667,2018,5,Pre-monsoon,3.08,2025.0,Safe,0.0442401,0.039816,0.0149324,37.5,NULL,NULL,normalized_exact,0.7,valid,Pre-monsoon_WL_1994-2025.pdf,GWRA_2025.pdf,NULL,local_pdf,local_pdf,official_web_fallback,pdf_text,pdf_table,NULL,2930,NULL,NULL,https://cgwb.gov.in
puducherry,karaikal,karaikal,karaikal,Thirunallar,Thirunallar Station,10.92898,79.79662,2018,5,Pre-monsoon,1.75,2025.0,Safe,0.0442401,0.039816,0.0149324,37.5,NULL,NULL,normalized_exact,0.7,valid,Pre-monsoon_WL_1994-2025.pdf,GWRA_2025.pdf,NULL,local_pdf,local_pdf,official_web_fallback,pdf_text,pdf_table,NULL,2930,NULL,NULL,https://cgwb.gov.in
puducherry,pondicherry,ariankuppam,ariankuppam,Kattukuppam,Kattukuppam Station,11.8,79.78333,2018,5,Pre-monsoon,2.54,NULL,Safe,NULL,NULL,NULL,NULL,NULL,NULL,unmatched,0.0,valid,Pre-monsoon_WL_1994-2025.pdf,NULL,NULL,local_pdf,official_web_fallback,official_web_fallback,pdf_text,NULL,NULL,2930,NULL,NULL,https://cgwb.gov.in
puducherry,pondicherry,ariankuppam,ariankuppam,Pondicherry,Pondicherry Station,11.91194,79.82333,2018,5,Pre-monsoon,2.35,NULL,Safe,NULL,NULL,NULL,NULL,NULL,NULL,unmatched,0.0,valid,Pre-monsoon_WL_1994-2025.pdf,NULL,NULL,local_pdf,official_web_fallback,official_web_fallback,pdf_text,NULL,NULL,2930,NULL,NULL,https://cgwb.gov.in
puducherry,pondicherry,ariankuppam,ariankuppam,Reddichavadi,Reddichavadi Station,11.88333,79.76667,2018,5,Pre-monsoon,2.42,NULL,Safe,NULL,NULL,NULL,NULL,NULL,NULL,unmatched,0.0,valid,Pre-monsoon_WL_1994-2025.pdf,NULL,NULL,local_pdf,official_web_fallback,official_web_fallback,pdf_text,NULL,NULL,2930,NULL,NULL,https://cgwb.gov.in
puducherry,pondicherry,villianur,villianur,M.N.Kuppam,M.N.Kuppam Station,11.9,79.81667,2018,5,Pre-monsoon,5.78,NULL,Safe,NULL,NULL,NULL,NULL,NULL,NULL,unmatched,0.0,valid,Pre-monsoon_WL_1994-2025.pdf,NULL,NULL,local_pdf,official_web_fallback,official_web_fallback,pdf_text,NULL,NULL,2930,NULL,NULL,https://cgwb.gov.in
puducherry,pondicherry,villianur,villianur,Villianur,Villianur Station,11.91667,79.75833,2018,5,Pre-monsoon,6.47,NULL,Safe,NULL,NULL,NULL,NULL,NULL,NULL,unmatched,0.0,valid,Pre-monsoon_WL_1994-2025.pdf,NULL,NULL,local_pdf,official_web_fallback,official_web_fallback,pdf_text,NULL,NULL,2930,NULL,NULL,https://cgwb.gov.in
puducherry,karaikal,karaikal,karaikal,Karaikal,Karaikal Station,10.93222,79.83139,2017,5,Pre-monsoon,3.7,2025.0,Safe,0.0442401,0.039816,0.0149324,37.5,NULL,NULL,normalized_exact,0.7,valid,Pre-monsoon_WL_1994-2025.pdf,GWRA_2025.pdf,NULL,local_pdf,local_pdf,official_web_fallback,pdf_text,pdf_table,NULL,3379,NULL,NULL,https://cgwb.gov.in
puducherry,karaikal,karaikal,karaikal,Kilakasakudi,Kilakasakudi Station,10.93333,79.84167,2017,5,Pre-monsoon,3.06,2025.0,Safe,0.0442401,0.039816,0.0149324,37.5,NULL,NULL,normalized_exact,0.7,valid,Pre-monsoon_WL_1994-2025.pdf,GWRA_2025.pdf,NULL,local_pdf,local_pdf,official_web_fallback,pdf_text,pdf_table,NULL,3379,NULL,NULL,https://cgwb.gov.in
puducherry,karaikal,karaikal,karaikal,Kottucherry,Kottucherry Station,10.95833,79.81667,2017,5,Pre-monsoon,4.2,2025.0,Safe,0.0442401,0.039816,0.0149324,37.5,NULL,NULL,normalized_exact,0.7,valid,Pre-monsoon_WL_1994-2025.pdf,GWRA_2025.pdf,NULL,local_pdf,local_pdf,official_web_fallback,pdf_text,pdf_table,NULL,3380,NULL,NULL,https://cgwb.gov.in
puducherry,pondicherry,ariankuppam,ariankuppam,Kattukuppam,Kattukuppam Station,11.8,79.78333,2017,5,Pre-monsoon,2.33,NULL,Safe,NULL,NULL,NULL,NULL,NULL,NULL,unmatched,0.0,valid,Pre-monsoon_WL_1994-2025.pdf,NULL,NULL,local_pdf,official_web_fallback,official_web_fallback,pdf_text,NULL,NULL,3380,NULL,NULL,https://cgwb.gov.in
puducherry,pondicherry,ariankuppam,ariankuppam,Pondicherry,Pondicherry Station,11.91194,79.82333,2017,5,Pre-monsoon,3.58,NULL,Safe,NULL,NULL,NULL,NULL,NULL,NULL,unmatched,0.0,valid,Pre-monsoon_WL_1994-2025.pdf,NULL,NULL,local_pdf,official_web_fallback,official_web_fallback,pdf_text,NULL,NULL,3380,NULL,NULL,https://cgwb.gov.in
puducherry,pondicherry,ariankuppam,ariankuppam,Reddichavadi,Reddichavadi Station,11.88333,79.76667,2017,5,Pre-monsoon,3.02,NULL,Safe,NULL,NULL,NULL,NULL,NULL,NULL,unmatched,0.0,valid,Pre-monsoon_WL_1994-2025.pdf,NULL,NULL,local_pdf,official_web_fallback,official_web_fallback,pdf_text,NULL,NULL,3380,NULL,NULL,https://cgwb.gov.in
puducherry,pondicherry,villianur,villianur,M.N.Kuppam,M.N.Kuppam Station,11.9,79.81667,2017,5,Pre-monsoon,6.65,NULL,Safe,NULL,NULL,NULL,NULL,NULL,NULL,unmatched,0.0,valid,Pre-monsoon_WL_1994-2025.pdf,NULL,NULL,local_pdf,official_web_fallback,official_web_fallback,pdf_text,NULL,NULL,3380,NULL,NULL,https://cgwb.gov.in
puducherry,karaikal,karaikal,karaikal,Karaikal,Karaikal Station,10.93222,79.83139,2016,5,Pre-monsoon,2.75,2025.0,Safe,0.0442401,0.039816,0.0149324,37.5,NULL,NULL,normalized_exact,0.7,valid,Pre-monsoon_WL_1994-2025.pdf,GWRA_2025.pdf,NULL,local_pdf,local_pdf,official_web_fallback,pdf_text,pdf_table,NULL,3818,NULL,NULL,https://cgwb.gov.in
puducherry,karaikal,karaikal,karaikal,Kilakasakudi,Kilakasakudi Station,10.93333,79.84167,2016,5,Pre-monsoon,2.98,2025.0,Safe,0.0442401,0.039816,0.0149324,37.5,NULL,NULL,normalized_exact,0.7,valid,Pre-monsoon_WL_1994-2025.pdf,GWRA_2025.pdf,NULL,local_pdf,local_pdf,official_web_fallback,pdf_text,pdf_table,NULL,3818,NULL,NULL,https://cgwb.gov.in
puducherry,karaikal,karaikal,karaikal,Kottucherry,Kottucherry Station,10.95833,79.81667,2016,5,Pre-monsoon,1.83,2025.0,Safe,0.0442401,0.039816,0.0149324,37.5,NULL,NULL,normalized_exact,0.7,valid,Pre-monsoon_WL_1994-2025.pdf,GWRA_2025.pdf,NULL,local_pdf,local_pdf,official_web_fallback,pdf_text,pdf_table,NULL,3818,NULL,NULL,https://cgwb.gov.in
puducherry,pondicherry,ariankuppam,ariankuppam,Kattukuppam,Kattukuppam Station,11.8,79.78333,2016,5,Pre-monsoon,4.08,NULL,Safe,NULL,NULL,NULL,NULL,NULL,NULL,unmatched,0.0,valid,Pre-monsoon_WL_1994-2025.pdf,NULL,NULL,local_pdf,official_web_fallback,official_web_fallback,pdf_text,NULL,NULL,3818,NULL,NULL,https://cgwb.gov.in
puducherry,pondicherry,ariankuppam,ariankuppam,Pondicherry,Pondicherry Station,11.91194,79.82333,2016,5,Pre-monsoon,20.14,NULL,Safe,NULL,NULL,NULL,NULL,NULL,NULL,unmatched,0.0,valid,Pre-monsoon_WL_1994-2025.pdf,NULL,NULL,local_pdf,official_web_fallback,official_web_fallback,pdf_text,NULL,NULL,3818,NULL,NULL,https://cgwb.gov.in
puducherry,pondicherry,ariankuppam,ariankuppam,Reddichavadi,Reddichavadi Station,11.88333,79.76667,2016,5,Pre-monsoon,3.37,NULL,Safe,NULL,NULL,NULL,NULL,NULL,NULL,unmatched,0.0,valid,Pre-monsoon_WL_1994-2025.pdf,NULL,NULL,local_pdf,official_web_fallback,official_web_fallback,pdf_text,NULL,NULL,3818,NULL,NULL,https://cgwb.gov.in
puducherry,pondicherry,villianur,villianur,M.N.Kuppam,M.N.Kuppam Station,11.9,79.81667,2016,5,Pre-monsoon,1.5,NULL,Safe,NULL,NULL,NULL,NULL,NULL,NULL,unmatched,0.0,valid,Pre-monsoon_WL_1994-2025.pdf,NULL,NULL,local_pdf,official_web_fallback,official_web_fallback,pdf_text,NULL,NULL,3818,NULL,NULL,https://cgwb.gov.in
puducherry,karaikal,karaikal,karaikal,Karaikal,Karaikal Station,10.93222,79.83139,2015,5,Pre-monsoon,3.13,2025.0,Safe,0.0442401,0.039816,0.0149324,37.5,NULL,NULL,normalized_exact,0.7,valid,Pre-monsoon_WL_1994-2025.pdf,GWRA_2025.pdf,NULL,local_pdf,local_pdf,official_web_fallback,pdf_text,pdf_table,NULL,4238,NULL,NULL,https://cgwb.gov.in
puducherry,karaikal,karaikal,karaikal,Kilakasakudi,Kilakasakudi Station,10.93333,79.84167,2015,5,Pre-monsoon,2.1,2025.0,Safe,0.0442401,0.039816,0.0149324,37.5,NULL,NULL,normalized_exact,0.7,valid,Pre-monsoon_WL_1994-2025.pdf,GWRA_2025.pdf,NULL,local_pdf,local_pdf,official_web_fallback,pdf_text,pdf_table,NULL,4238,NULL,NULL,https://cgwb.gov.in
puducherry,karaikal,karaikal,karaikal,Kottucherry,Kottucherry Station,10.95833,79.81667,2015,5,Pre-monsoon,2.96,2025.0,Safe,0.0442401,0.039816,0.0149324,37.5,NULL,NULL,normalized_exact,0.7,valid,Pre-monsoon_WL_1994-2025.pdf,GWRA_2025.pdf,NULL,local_pdf,local_pdf,official_web_fallback,pdf_text,pdf_table,NULL,4238,NULL,NULL,https://cgwb.gov.in
puducherry,pondicherry,ariankuppam,ariankuppam,Kattukuppam,Kattukuppam Station,11.8,79.78333,2015,5,Pre-monsoon,1.69,NULL,Safe,NULL,NULL,NULL,NULL,NULL,NULL,unmatched,0.0,valid,Pre-monsoon_WL_1994-2025.pdf,NULL,NULL,local_pdf,official_web_fallback,official_web_fallback,pdf_text,NULL,NULL,4238,NULL,NULL,https://cgwb.gov.in
puducherry,pondicherry,villianur,villianur,M.N.Kuppam,M.N.Kuppam Station,11.9,79.81667,2015,5,Pre-monsoon,5.62,NULL,Safe,NULL,NULL,NULL,NULL,NULL,NULL,unmatched,0.0,valid,Pre-monsoon_WL_1994-2025.pdf,NULL,NULL,local_pdf,official_web_fallback,official_web_fallback,pdf_text,NULL,NULL,4238,NULL,NULL,https://cgwb.gov.in
puducherry,karaikal,karaikal,karaikal,Karaikal,Karaikal Station,10.93222,79.83139,2014,5,Pre-monsoon,5.1,2025.0,Safe,0.0442401,0.039816,0.0149324,37.5,NULL,NULL,normalized_exact,0.7,valid,Pre-monsoon_WL_1994-2025.pdf,GWRA_2025.pdf,NULL,local_pdf,local_pdf,official_web_fallback,pdf_text,pdf_table,NULL,4617,NULL,NULL,https://cgwb.gov.in
puducherry,karaikal,karaikal,karaikal,Kilakasakudi,Kilakasakudi Station,10.93333,79.84167,2014,5,Pre-monsoon,7.06,2025.0,Safe,0.0442401,0.039816,0.0149324,37.5,NULL,NULL,normalized_exact,0.7,valid,Pre-monsoon_WL_1994-2025.pdf,GWRA_2025.pdf,NULL,local_pdf,local_pdf,official_web_fallback,pdf_text,pdf_table,NULL,4617,NULL,NULL,https://cgwb.gov.in
puducherry,karaikal,karaikal,karaikal,Kottucherry,Kottucherry Station,10.95833,79.81667,2014,5,Pre-monsoon,2.99,2025.0,Safe,0.0442401,0.039816,0.0149324,37.5,NULL,NULL,normalized_exact,0.7,valid,Pre-monsoon_WL_1994-2025.pdf,GWRA_2025.pdf,NULL,local_pdf,local_pdf,official_web_fallback,pdf_text,pdf_table,NULL,4617,NULL,NULL,https://cgwb.gov.in
puducherry,pondicherry,ariankuppam,ariankuppam,Kattukuppam,Kattukuppam Station,11.8,79.78333,2014,5,Pre-monsoon,1.67,NULL,Safe,NULL,NULL,NULL,NULL,NULL,NULL,unmatched,0.0,valid,Pre-monsoon_WL_1994-2025.pdf,NULL,NULL,local_pdf,official_web_fallback,official_web_fallback,pdf_text,NULL,NULL,4617,NULL,NULL,https://cgwb.gov.in
puducherry,pondicherry,villianur,villianur,M.N.Kuppam,M.N.Kuppam Station,11.9,79.81667,2014,5,Pre-monsoon,7.16,NULL,Safe,NULL,NULL,NULL,NULL,NULL,NULL,unmatched,0.0,valid,Pre-monsoon_WL_1994-2025.pdf,NULL,NULL,local_pdf,official_web_fallback,official_web_fallback,pdf_text,NULL,NULL,4617,NULL,NULL,https://cgwb.gov.in
puducherry,karaikal,karaikal,karaikal,Kilakasakudi,Kilakasakudi Station,10.93333,79.84167,2013,5,Pre-monsoon,2.86,2025.0,Safe,0.0442401,0.039816,0.0149324,37.5,NULL,NULL,normalized_exact,0.7,valid,Pre-monsoon_WL_1994-2025.pdf,GWRA_2025.pdf,NULL,local_pdf,local_pdf,official_web_fallback,pdf_text,pdf_table,NULL,4961,NULL,NULL,https://cgwb.gov.in
puducherry,karaikal,karaikal,karaikal,Kottucherry,Kottucherry Station,10.95833,79.81667,2013,5,Pre-monsoon,3.46,2025.0,Safe,0.0442401,0.039816,0.0149324,37.5,NULL,NULL,normalized_exact,0.7,valid,Pre-monsoon_WL_1994-2025.pdf,GWRA_2025.pdf,NULL,local_pdf,local_pdf,official_web_fallback,pdf_text,pdf_table,NULL,4961,NULL,NULL,https://cgwb.gov.in
puducherry,pondicherry,ariankuppam,ariankuppam,Kattukuppam,Kattukuppam Station,11.8,79.78333,2013,5,Pre-monsoon,1.42,NULL,Safe,NULL,NULL,NULL,NULL,NULL,NULL,unmatched,0.0,valid,Pre-monsoon_WL_1994-2025.pdf,NULL,NULL,local_pdf,official_web_fallback,official_web_fallback,pdf_text,NULL,NULL,4961,NULL,NULL,https://cgwb.gov.in
puducherry,pondicherry,villianur,villianur,M.N.Kuppam,M.N.Kuppam Station,11.9,79.81667,2013,5,Pre-monsoon,6.36,NULL,Safe,NULL,NULL,NULL,NULL,NULL,NULL,unmatched,0.0,valid,Pre-monsoon_WL_1994-2025.pdf,NULL,NULL,local_pdf,official_web_fallback,official_web_fallback,pdf_text,NULL,NULL,4961,NULL,NULL,https://cgwb.gov.in
puducherry,karaikal,karaikal,karaikal,Kilakasakudi,Kilakasakudi Station,10.93333,79.84167,2012,5,Pre-monsoon,3.26,2025.0,Safe,0.0442401,0.039816,0.0149324,37.5,NULL,NULL,normalized_exact,0.7,valid,Pre-monsoon_WL_1994-2025.pdf,GWRA_2025.pdf,NULL,local_pdf,local_pdf,official_web_fallback,pdf_text,pdf_table,NULL,5243,NULL,NULL,https://cgwb.gov.in
puducherry,karaikal,karaikal,karaikal,Kottucherry,Kottucherry Station,10.95833,79.81667,2012,5,Pre-monsoon,3.2,2025.0,Safe,0.0442401,0.039816,0.0149324,37.5,NULL,NULL,normalized_exact,0.7,valid,Pre-monsoon_WL_1994-2025.pdf,GWRA_2025.pdf,NULL,local_pdf,local_pdf,official_web_fallback,pdf_text,pdf_table,NULL,5243,NULL,NULL,https://cgwb.gov.in
puducherry,pondicherry,ariankuppam,ariankuppam,Kattukuppam,Kattukuppam Station,11.8,79.78333,2012,5,Pre-monsoon,1.83,NULL,Safe,NULL,NULL,NULL,NULL,NULL,NULL,unmatched,0.0,valid,Pre-monsoon_WL_1994-2025.pdf,NULL,NULL,local_pdf,official_web_fallback,official_web_fallback,pdf_text,NULL,NULL,5243,NULL,NULL,https://cgwb.gov.in
puducherry,karaikal,karaikal,karaikal,Kilakasakudi,Kilakasakudi Station,10.93333,79.84167,2011,5,Pre-monsoon,2.04,2025.0,Safe,0.0442401,0.039816,0.0149324,37.5,NULL,NULL,normalized_exact,0.7,valid,Pre-monsoon_WL_1994-2025.pdf,GWRA_2025.pdf,NULL,local_pdf,local_pdf,official_web_fallback,pdf_text,pdf_table,NULL,5512,NULL,NULL,https://cgwb.gov.in
puducherry,karaikal,karaikal,karaikal,Kottucherry,Kottucherry Station,10.95833,79.81667,2011,5,Pre-monsoon,3.57,2025.0,Safe,0.0442401,0.039816,0.0149324,37.5,NULL,NULL,normalized_exact,0.7,valid,Pre-monsoon_WL_1994-2025.pdf,GWRA_2025.pdf,NULL,local_pdf,local_pdf,official_web_fallback,pdf_text,pdf_table,NULL,5512,NULL,NULL,https://cgwb.gov.in
puducherry,pondicherry,ariankuppam,ariankuppam,Kattukuppam,Kattukuppam Station,11.8,79.78333,2011,5,Pre-monsoon,2.2,NULL,Safe,NULL,NULL,NULL,NULL,NULL,NULL,unmatched,0.0,valid,Pre-monsoon_WL_1994-2025.pdf,NULL,NULL,local_pdf,official_web_fallback,official_web_fallback,pdf_text,NULL,NULL,5512,NULL,NULL,https://cgwb.gov.in
puducherry,karaikal,karaikal,karaikal,Kilakasakudi,Kilakasakudi Station,10.93333,79.84167,2010,5,Pre-monsoon,1.91,2025.0,Safe,0.0442401,0.039816,0.0149324,37.5,NULL,NULL,normalized_exact,0.7,valid,Pre-monsoon_WL_1994-2025.pdf,GWRA_2025.pdf,NULL,local_pdf,local_pdf,official_web_fallback,pdf_text,pdf_table,NULL,5786,NULL,NULL,https://cgwb.gov.in
puducherry,karaikal,karaikal,karaikal,Kottucherry,Kottucherry Station,10.95833,79.81667,2010,5,Pre-monsoon,3.05,2025.0,Safe,0.0442401,0.039816,0.0149324,37.5,NULL,NULL,normalized_exact,0.7,valid,Pre-monsoon_WL_1994-2025.pdf,GWRA_2025.pdf,NULL,local_pdf,local_pdf,official_web_fallback,pdf_text,pdf_table,NULL,5786,NULL,NULL,https://cgwb.gov.in
puducherry,karaikal,karaikal,karaikal,Kilakasakudi,Kilakasakudi Station,10.93333,79.84167,2009,5,Pre-monsoon,1.81,2025.0,Safe,0.0442401,0.039816,0.0149324,37.5,NULL,NULL,normalized_exact,0.7,valid,Pre-monsoon_WL_1994-2025.pdf,GWRA_2025.pdf,NULL,local_pdf,local_pdf,official_web_fallback,pdf_text,pdf_table,NULL,6048,NULL,NULL,https://cgwb.gov.in
puducherry,karaikal,karaikal,karaikal,Kottucherry,Kottucherry Station,10.95833,79.81667,2009,5,Pre-monsoon,2.78,2025.0,Safe,0.0442401,0.039816,0.0149324,37.5,NULL,NULL,normalized_exact,0.7,valid,Pre-monsoon_WL_1994-2025.pdf,GWRA_2025.pdf,NULL,local_pdf,local_pdf,official_web_fallback,pdf_text,pdf_table,NULL,6048,NULL,NULL,https://cgwb.gov.in
puducherry,karaikal,karaikal,karaikal,Kilakasakudi,Kilakasakudi Station,10.93333,79.84167,2008,5,Pre-monsoon,2.82,2025.0,Safe,0.0442401,0.039816,0.0149324,37.5,NULL,NULL,normalized_exact,0.7,valid,Pre-monsoon_WL_1994-2025.pdf,GWRA_2025.pdf,NULL,local_pdf,local_pdf,official_web_fallback,pdf_text,pdf_table,NULL,6334,NULL,NULL,https://cgwb.gov.in
puducherry,karaikal,karaikal,karaikal,Kottucherry,Kottucherry Station,10.95833,79.81667,2008,5,Pre-monsoon,2.17,2025.0,Safe,0.0442401,0.039816,0.0149324,37.5,NULL,NULL,normalized_exact,0.7,valid,Pre-monsoon_WL_1994-2025.pdf,GWRA_2025.pdf,NULL,local_pdf,local_pdf,official_web_fallback,pdf_text,pdf_table,NULL,6334,NULL,NULL,https://cgwb.gov.in
puducherry,pondicherry,ariankuppam,ariankuppam,Kattukuppam,Kattukuppam Station,11.8,79.78333,2008,5,Pre-monsoon,2.42,NULL,Safe,NULL,NULL,NULL,NULL,NULL,NULL,unmatched,0.0,valid,Pre-monsoon_WL_1994-2025.pdf,NULL,NULL,local_pdf,official_web_fallback,official_web_fallback,pdf_text,NULL,NULL,6334,NULL,NULL,https://cgwb.gov.in
puducherry,karaikal,karaikal,karaikal,Kilakasakudi,Kilakasakudi Station,10.93333,79.84167,2007,5,Pre-monsoon,2.31,2025.0,Safe,0.0442401,0.039816,0.0149324,37.5,NULL,NULL,normalized_exact,0.7,valid,Pre-monsoon_WL_1994-2025.pdf,GWRA_2025.pdf,NULL,local_pdf,local_pdf,official_web_fallback,pdf_text,pdf_table,NULL,6605,NULL,NULL,https://cgwb.gov.in
puducherry,karaikal,karaikal,karaikal,Kottucherry,Kottucherry Station,10.95833,79.81667,2007,5,Pre-monsoon,2.95,2025.0,Safe,0.0442401,0.039816,0.0149324,37.5,NULL,NULL,normalized_exact,0.7,valid,Pre-monsoon_WL_1994-2025.pdf,GWRA_2025.pdf,NULL,local_pdf,local_pdf,official_web_fallback,pdf_text,pdf_table,NULL,6605,NULL,NULL,https://cgwb.gov.in
puducherry,pondicherry,ariankuppam,ariankuppam,Kattukuppam,Kattukuppam Station,11.8,79.78333,2007,5,Pre-monsoon,2.89,NULL,Safe,NULL,NULL,NULL,NULL,NULL,NULL,unmatched,0.0,valid,Pre-monsoon_WL_1994-2025.pdf,NULL,NULL,local_pdf,official_web_fallback,official_web_fallback,pdf_text,NULL,NULL,6605,NULL,NULL,https://cgwb.gov.in
puducherry,karaikal,karaikal,karaikal,Kilakasakudi,Kilakasakudi Station,10.93333,79.84167,2006,5,Pre-monsoon,2.15,2025.0,Safe,0.0442401,0.039816,0.0149324,37.5,NULL,NULL,normalized_exact,0.7,valid,Pre-monsoon_WL_1994-2025.pdf,GWRA_2025.pdf,NULL,local_pdf,local_pdf,official_web_fallback,pdf_text,pdf_table,NULL,6865,NULL,NULL,https://cgwb.gov.in
puducherry,karaikal,karaikal,karaikal,Kottucherry,Kottucherry Station,10.95833,79.81667,2006,5,Pre-monsoon,2.6,2025.0,Safe,0.0442401,0.039816,0.0149324,37.5,NULL,NULL,normalized_exact,0.7,valid,Pre-monsoon_WL_1994-2025.pdf,GWRA_2025.pdf,NULL,local_pdf,local_pdf,official_web_fallback,pdf_text,pdf_table,NULL,6865,NULL,NULL,https://cgwb.gov.in
puducherry,pondicherry,ariankuppam,ariankuppam,Kattukuppam,Kattukuppam Station,11.8,79.78333,2006,5,Pre-monsoon,2.25,NULL,Safe,NULL,NULL,NULL,NULL,NULL,NULL,unmatched,0.0,valid,Pre-monsoon_WL_1994-2025.pdf,NULL,NULL,local_pdf,official_web_fallback,official_web_fallback,pdf_text,NULL,NULL,6865,NULL,NULL,https://cgwb.gov.in
puducherry,karaikal,karaikal,karaikal,Kilakasakudi,Kilakasakudi Station,10.93333,79.84167,2005,5,Pre-monsoon,6.06,2025.0,Safe,0.0442401,0.039816,0.0149324,37.5,NULL,NULL,normalized_exact,0.7,valid,Pre-monsoon_WL_1994-2025.pdf,GWRA_2025.pdf,NULL,local_pdf,local_pdf,official_web_fallback,pdf_text,pdf_table,NULL,7142,NULL,NULL,https://cgwb.gov.in
puducherry,karaikal,karaikal,karaikal,Kottucherry,Kottucherry Station,10.95833,79.81667,2005,5,Pre-monsoon,9.17,2025.0,Safe,0.0442401,0.039816,0.0149324,37.5,NULL,NULL,normalized_exact,0.7,valid,Pre-monsoon_WL_1994-2025.pdf,GWRA_2025.pdf,NULL,local_pdf,local_pdf,official_web_fallback,pdf_text,pdf_table,NULL,7142,NULL,NULL,https://cgwb.gov.in
puducherry,pondicherry,ariankuppam,ariankuppam,Kattukuppam,Kattukuppam Station,11.8,79.78333,2005,5,Pre-monsoon,2.17,NULL,Safe,NULL,NULL,NULL,NULL,NULL,NULL,unmatched,0.0,valid,Pre-monsoon_WL_1994-2025.pdf,NULL,NULL,local_pdf,official_web_fallback,official_web_fallback,pdf_text,NULL,NULL,7142,NULL,NULL,https://cgwb.gov.in
puducherry,karaikal,karaikal,karaikal,Kilakasakudi,Kilakasakudi Station,10.93333,79.84167,2004,5,Pre-monsoon,1.45,2025.0,Safe,0.0442401,0.039816,0.0149324,37.5,NULL,NULL,normalized_exact,0.7,valid,Pre-monsoon_WL_1994-2025.pdf,GWRA_2025.pdf,NULL,local_pdf,local_pdf,official_web_fallback,pdf_text,pdf_table,NULL,7416,NULL,NULL,https://cgwb.gov.in
puducherry,karaikal,karaikal,karaikal,Kottucherry,Kottucherry Station,10.95833,79.81667,2004,5,Pre-monsoon,2.85,2025.0,Safe,0.0442401,0.039816,0.0149324,37.5,NULL,NULL,normalized_exact,0.7,valid,Pre-monsoon_WL_1994-2025.pdf,GWRA_2025.pdf,NULL,local_pdf,local_pdf,official_web_fallback,pdf_text,pdf_table,NULL,7416,NULL,NULL,https://cgwb.gov.in
puducherry,pondicherry,ariankuppam,ariankuppam,Kattukuppam,Kattukuppam Station,11.8,79.78333,2004,5,Pre-monsoon,1.92,NULL,Safe,NULL,NULL,NULL,NULL,NULL,NULL,unmatched,0.0,valid,Pre-monsoon_WL_1994-2025.pdf,NULL,NULL,local_pdf,official_web_fallback,official_web_fallback,pdf_text,NULL,NULL,7416,NULL,NULL,https://cgwb.gov.in
puducherry,karaikal,karaikal,karaikal,Kilakasakudi,Kilakasakudi Station,10.93333,79.84167,2003,5,Pre-monsoon,2.76,2025.0,Safe,0.0442401,0.039816,0.0149324,37.5,NULL,NULL,normalized_exact,0.7,valid,Pre-monsoon_WL_1994-2025.pdf,GWRA_2025.pdf,NULL,local_pdf,local_pdf,official_web_fallback,pdf_text,pdf_table,NULL,7673,NULL,NULL,https://cgwb.gov.in
puducherry,karaikal,karaikal,karaikal,Kottucherry,Kottucherry Station,10.95833,79.81667,2003,5,Pre-monsoon,3.77,2025.0,Safe,0.0442401,0.039816,0.0149324,37.5,NULL,NULL,normalized_exact,0.7,valid,Pre-monsoon_WL_1994-2025.pdf,GWRA_2025.pdf,NULL,local_pdf,local_pdf,official_web_fallback,pdf_text,pdf_table,NULL,7674,NULL,NULL,https://cgwb.gov.in
puducherry,pondicherry,ariankuppam,ariankuppam,Kattukuppam,Kattukuppam Station,11.8,79.78333,2003,5,Pre-monsoon,2.62,NULL,Safe,NULL,NULL,NULL,NULL,NULL,NULL,unmatched,0.0,valid,Pre-monsoon_WL_1994-2025.pdf,NULL,NULL,local_pdf,official_web_fallback,official_web_fallback,pdf_text,NULL,NULL,7674,NULL,NULL,https://cgwb.gov.in
puducherry,karaikal,karaikal,karaikal,Kilakasakudi,Kilakasakudi Station,10.93333,79.84167,2002,5,Pre-monsoon,2.23,2025.0,Safe,0.0442401,0.039816,0.0149324,37.5,NULL,NULL,normalized_exact,0.7,valid,Pre-monsoon_WL_1994-2025.pdf,GWRA_2025.pdf,NULL,local_pdf,local_pdf,official_web_fallback,pdf_text,pdf_table,NULL,7945,NULL,NULL,https://cgwb.gov.in
puducherry,karaikal,karaikal,karaikal,Kottucherry,Kottucherry Station,10.95833,79.81667,2002,5,Pre-monsoon,3.25,2025.0,Safe,0.0442401,0.039816,0.0149324,37.5,NULL,NULL,normalized_exact,0.7,valid,Pre-monsoon_WL_1994-2025.pdf,GWRA_2025.pdf,NULL,local_pdf,local_pdf,official_web_fallback,pdf_text,pdf_table,NULL,7945,NULL,NULL,https://cgwb.gov.in
puducherry,pondicherry,ariankuppam,ariankuppam,Kattukuppam,Kattukuppam Station,11.8,79.78333,2002,5,Pre-monsoon,1.85,NULL,Safe,NULL,NULL,NULL,NULL,NULL,NULL,unmatched,0.0,valid,Pre-monsoon_WL_1994-2025.pdf,NULL,NULL,local_pdf,official_web_fallback,official_web_fallback,pdf_text,NULL,NULL,7945,NULL,NULL,https://cgwb.gov.in
puducherry,karaikal,karaikal,karaikal,Kilakasakudi,Kilakasakudi Station,10.9333333,79.84166667,2001,5,Pre-monsoon,2.26,2025.0,Safe,0.0442401,0.039816,0.0149324,37.5,NULL,NULL,normalized_exact,0.7,valid,Pre-monsoon_WL_1994-2025.pdf,GWRA_2025.pdf,NULL,local_pdf,local_pdf,official_web_fallback,pdf_text,pdf_table,NULL,8216,NULL,NULL,https://cgwb.gov.in
puducherry,pondicherry,ariankuppam,ariankuppam,Kattukuppam,Kattukuppam Station,11.8,79.78333333,2001,5,Pre-monsoon,36.35,NULL,Safe,NULL,NULL,NULL,NULL,NULL,NULL,unmatched,0.0,valid,Pre-monsoon_WL_1994-2025.pdf,NULL,NULL,local_pdf,official_web_fallback,official_web_fallback,pdf_text,NULL,NULL,8216,NULL,NULL,https://cgwb.gov.in
puducherry,karaikal,karaikal,karaikal,Kilakasakudi,Kilakasakudi Station,10.93333,79.84167,2000,5,Pre-monsoon,2.07,2025.0,Safe,0.0442401,0.039816,0.0149324,37.5,NULL,NULL,normalized_exact,0.7,valid,Pre-monsoon_WL_1994-2025.pdf,GWRA_2025.pdf,NULL,local_pdf,local_pdf,official_web_fallback,pdf_text,pdf_table,NULL,8491,NULL,NULL,https://cgwb.gov.in
puducherry,pondicherry,ariankuppam,ariankuppam,Kattukuppam,Kattukuppam Station,11.8,79.78333,2000,5,Pre-monsoon,2.6,NULL,Safe,NULL,NULL,NULL,NULL,NULL,NULL,unmatched,0.0,valid,Pre-monsoon_WL_1994-2025.pdf,NULL,NULL,local_pdf,official_web_fallback,official_web_fallback,pdf_text,NULL,NULL,8491,NULL,NULL,https://cgwb.gov.in
puducherry,karaikal,karaikal,karaikal,Kilakasakudi,Kilakasakudi Station,10.93333,79.84167,1999,5,Pre-monsoon,2.74,2025.0,Safe,0.0442401,0.039816,0.0149324,37.5,NULL,NULL,normalized_exact,0.7,valid,Pre-monsoon_WL_1994-2025.pdf,GWRA_2025.pdf,NULL,local_pdf,local_pdf,official_web_fallback,pdf_text,pdf_table,NULL,8774,NULL,NULL,https://cgwb.gov.in
puducherry,karaikal,karaikal,karaikal,Kottucherry,Kottucherry Station,10.95833,79.81667,1999,5,Pre-monsoon,2.81,2025.0,Safe,0.0442401,0.039816,0.0149324,37.5,NULL,NULL,normalized_exact,0.7,valid,Pre-monsoon_WL_1994-2025.pdf,GWRA_2025.pdf,NULL,local_pdf,local_pdf,official_web_fallback,pdf_text,pdf_table,NULL,8774,NULL,NULL,https://cgwb.gov.in
puducherry,pondicherry,ariankuppam,ariankuppam,Kattukuppam,Kattukuppam Station,11.8,79.78333,1999,5,Pre-monsoon,5.25,NULL,Safe,NULL,NULL,NULL,NULL,NULL,NULL,unmatched,0.0,valid,Pre-monsoon_WL_1994-2025.pdf,NULL,NULL,local_pdf,official_web_fallback,official_web_fallback,pdf_text,NULL,NULL,8774,NULL,NULL,https://cgwb.gov.in
puducherry,karaikal,karaikal,karaikal,Kilakasakudi,Kilakasakudi Station,10.93333,79.84167,1998,5,Pre-monsoon,2.14,2025.0,Safe,0.0442401,0.039816,0.0149324,37.5,NULL,NULL,normalized_exact,0.7,valid,Pre-monsoon_WL_1994-2025.pdf,GWRA_2025.pdf,NULL,local_pdf,local_pdf,official_web_fallback,pdf_text,pdf_table,NULL,9058,NULL,NULL,https://cgwb.gov.in
puducherry,karaikal,karaikal,karaikal,Kottucherry,Kottucherry Station,10.95833,79.81667,1998,5,Pre-monsoon,3.0,2025.0,Safe,0.0442401,0.039816,0.0149324,37.5,NULL,NULL,normalized_exact,0.7,valid,Pre-monsoon_WL_1994-2025.pdf,GWRA_2025.pdf,NULL,local_pdf,local_pdf,official_web_fallback,pdf_text,pdf_table,NULL,9058,NULL,NULL,https://cgwb.gov.in
puducherry,pondicherry,ariankuppam,ariankuppam,Kattukuppam,Kattukuppam Station,11.8,79.78333,1998,5,Pre-monsoon,1.55,NULL,Safe,NULL,NULL,NULL,NULL,NULL,NULL,unmatched,0.0,valid,Pre-monsoon_WL_1994-2025.pdf,NULL,NULL,local_pdf,official_web_fallback,official_web_fallback,pdf_text,NULL,NULL,9058,NULL,NULL,https://cgwb.gov.in
puducherry,karaikal,karaikal,karaikal,Kilakasakudi,Kilakasakudi Station,10.93333,79.84167,1997,5,Pre-monsoon,2.43,2025.0,Safe,0.0442401,0.039816,0.0149324,37.5,NULL,NULL,normalized_exact,0.7,valid,Pre-monsoon_WL_1994-2025.pdf,GWRA_2025.pdf,NULL,local_pdf,local_pdf,official_web_fallback,pdf_text,pdf_table,NULL,9342,NULL,NULL,https://cgwb.gov.in
puducherry,karaikal,karaikal,karaikal,Kottucherry,Kottucherry Station,10.95833,79.81667,1997,5,Pre-monsoon,3.0,2025.0,Safe,0.0442401,0.039816,0.0149324,37.5,NULL,NULL,normalized_exact,0.7,valid,Pre-monsoon_WL_1994-2025.pdf,GWRA_2025.pdf,NULL,local_pdf,local_pdf,official_web_fallback,pdf_text,pdf_table,NULL,9342,NULL,NULL,https://cgwb.gov.in
puducherry,karaikal,karaikal,karaikal,Kilakasakudi,Kilakasakudi Station,10.93333,79.84167,1996,5,Pre-monsoon,2.52,2025.0,Safe,0.0442401,0.039816,0.0149324,37.5,NULL,NULL,normalized_exact,0.7,valid,Pre-monsoon_WL_1994-2025.pdf,GWRA_2025.pdf,NULL,local_pdf,local_pdf,official_web_fallback,pdf_text,pdf_table,NULL,9627,NULL,NULL,https://cgwb.gov.in
puducherry,karaikal,karaikal,karaikal,Kottucherry,Kottucherry Station,10.95833,79.81667,1996,5,Pre-monsoon,2.38,2025.0,Safe,0.0442401,0.039816,0.0149324,37.5,NULL,NULL,normalized_exact,0.7,valid,Pre-monsoon_WL_1994-2025.pdf,GWRA_2025.pdf,NULL,local_pdf,local_pdf,official_web_fallback,pdf_text,pdf_table,NULL,9627,NULL,NULL,https://cgwb.gov.in
puducherry,pondicherry,ariankuppam,ariankuppam,Kattukuppam,Kattukuppam Station,11.8,79.78333,1996,5,Pre-monsoon,1.8,NULL,Safe,NULL,NULL,NULL,NULL,NULL,NULL,unmatched,0.0,valid,Pre-monsoon_WL_1994-2025.pdf,NULL,NULL,local_pdf,official_web_fallback,official_web_fallback,pdf_text,NULL,NULL,9627,NULL,NULL,https://cgwb.gov.in
puducherry,karaikal,karaikal,karaikal,Kilakasakudi,Kilakasakudi Station,10.93333,79.84167,1995,5,Pre-monsoon,1.96,2025.0,Safe,0.0442401,0.039816,0.0149324,37.5,NULL,NULL,normalized_exact,0.7,valid,Pre-monsoon_WL_1994-2025.pdf,GWRA_2025.pdf,NULL,local_pdf,local_pdf,official_web_fallback,pdf_text,pdf_table,NULL,9908,NULL,NULL,https://cgwb.gov.in
puducherry,karaikal,karaikal,karaikal,Kottucherry,Kottucherry Station,10.95833,79.81667,1995,5,Pre-monsoon,2.67,2025.0,Safe,0.0442401,0.039816,0.0149324,37.5,NULL,NULL,normalized_exact,0.7,valid,Pre-monsoon_WL_1994-2025.pdf,GWRA_2025.pdf,NULL,local_pdf,local_pdf,official_web_fallback,pdf_text,pdf_table,NULL,9908,NULL,NULL,https://cgwb.gov.in
puducherry,pondicherry,ariankuppam,ariankuppam,Kattukuppam,Kattukuppam Station,11.8,79.78333,1995,5,Pre-monsoon,1.05,NULL,Safe,NULL,NULL,NULL,NULL,NULL,NULL,unmatched,0.0,valid,Pre-monsoon_WL_1994-2025.pdf,NULL,NULL,local_pdf,official_web_fallback,official_web_fallback,pdf_text,NULL,NULL,9908,NULL,NULL,https://cgwb.gov.in
puducherry,karaikal,karaikal,karaikal,Karaikal,Karaikal Station,10.93222,79.83139,2026,1,January,1.1,2025.0,Safe,0.0442401,0.039816,0.0149324,37.5,NULL,NULL,normalized_exact,0.7,valid,January 2026.xlsx.pdf,GWRA_2025.pdf,NULL,local_pdf,local_pdf,official_web_fallback,pdf_text,pdf_table,NULL,292,NULL,NULL,https://cgwb.gov.in
puducherry,karaikal,karaikal,karaikal,Kilakasakudi,Kilakasakudi Station,10.93333,79.84167,2026,1,January,1.16,2025.0,Safe,0.0442401,0.039816,0.0149324,37.5,NULL,NULL,normalized_exact,0.7,valid,January 2026.xlsx.pdf,GWRA_2025.pdf,NULL,local_pdf,local_pdf,official_web_fallback,pdf_text,pdf_table,NULL,292,NULL,NULL,https://cgwb.gov.in
puducherry,karaikal,karaikal,karaikal,Kottucherry,Kottucherry Station,10.95833,79.81667,2026,1,January,0.9,2025.0,Safe,0.0442401,0.039816,0.0149324,37.5,NULL,NULL,normalized_exact,0.7,valid,January 2026.xlsx.pdf,GWRA_2025.pdf,NULL,local_pdf,local_pdf,official_web_fallback,pdf_text,pdf_table,NULL,292,NULL,NULL,https://cgwb.gov.in
puducherry,karaikal,karaikal,karaikal,Thirunallar,Thirunallar Station,10.92898,79.79662,2026,1,January,1.9,2025.0,Safe,0.0442401,0.039816,0.0149324,37.5,NULL,NULL,normalized_exact,0.7,valid,January 2026.xlsx.pdf,GWRA_2025.pdf,NULL,local_pdf,local_pdf,official_web_fallback,pdf_text,pdf_table,NULL,292,NULL,NULL,https://cgwb.gov.in
puducherry,pondicherry,ariankuppam,ariankuppam,Pondicherry,Pondicherry Station,11.91194,79.82333,2026,1,January,3.19,NULL,Safe,NULL,NULL,NULL,NULL,NULL,NULL,unmatched,0.0,valid,January 2026.xlsx.pdf,NULL,NULL,local_pdf,official_web_fallback,official_web_fallback,pdf_text,NULL,NULL,292,NULL,NULL,https://cgwb.gov.in
puducherry,pondicherry,ariankuppam,ariankuppam,Reddichavadi,Reddichavadi Station,11.88333,79.76667,2026,1,January,2.3,NULL,Safe,NULL,NULL,NULL,NULL,NULL,NULL,unmatched,0.0,valid,January 2026.xlsx.pdf,NULL,NULL,local_pdf,official_web_fallback,official_web_fallback,pdf_text,NULL,NULL,293,NULL,NULL,https://cgwb.gov.in
puducherry,pondicherry,villianur,villianur,M.N.Kuppam,M.N.Kuppam Station,11.9,79.81667,2026,1,January,4.87,NULL,Safe,NULL,NULL,NULL,NULL,NULL,NULL,unmatched,0.0,valid,January 2026.xlsx.pdf,NULL,NULL,local_pdf,official_web_fallback,official_web_fallback,pdf_text,NULL,NULL,293,NULL,NULL,https://cgwb.gov.in
puducherry,pondicherry,villianur,villianur,Villianur,Villianur Station,11.91667,79.75833,2026,1,January,3.52,NULL,Safe,NULL,NULL,NULL,NULL,NULL,NULL,unmatched,0.0,valid,January 2026.xlsx.pdf,NULL,NULL,local_pdf,official_web_fallback,official_web_fallback,pdf_text,NULL,NULL,293,NULL,NULL,https://cgwb.gov.in
